invoice_id,invoice_number,vendor_name,invoice_date,due_date,currency,subtotal,tax_amount,total_amount,category,po_number,description
INV-0130,DELL/2026/WC9QSS,Dell Technologies Inc,2025-10-13,2025-11-12,INR,6935.59,1248.41,8184.0,Raw Materials,PO-2026-4833,Standard invoice for raw materials
INV-0392,ORCL/2026/BKKDAR,Oracle India Private Limited,2025-10-13,2025-11-12,INR,8311.07,1495.99,9807.06,IT Equipment,PO-2026-2518,Standard invoice for it equipment
INV-0574,WIP/2026/NDJFWS,Wipro Enterprises Limited,2025-10-13,2025-11-12,INR,6595.27,1187.15,7782.42,Travel,PO-2026-2955,Standard invoice for travel
INV-0608,HCL/2026/37DVV4,HCL Technologies Limited,2025-10-13,2025-11-12,INR,3832.43,689.84,4522.27,Logistics,PO-2026-8205,Standard invoice for logistics
INV-0008,HCL/2026/KAP7EY,HCL Technologies Limited,2025-10-14,2025-11-13,INR,3971.95,714.95,4686.9,Logistics,PO-2026-1656,Standard invoice for logistics
INV-0326,AC/2026/936ZLD,Acme Pvt Ltd,2025-10-14,2025-11-13,INR,5043.95,907.91,5951.86,Professional Services,PO-2026-3647,Standard invoice for professional services
INV-0642,ORCL/2026/JDTZLN,Oracle India Private Limited,2025-10-14,2025-11-13,INR,8507.69,1531.38,10039.07,IT Equipment,PO-2026-4414,Standard invoice for it equipment
INV-0659,HP/2026/SG5TAN,HP India Sales Pvt Ltd,2025-10-14,2025-11-13,INR,7096.6,1277.39,8373.99,Maintenance,PO-2026-5768,Standard invoice for maintenance
INV-0004,CTS/2026/2LUGHK,Cognizant Technology Solutions,2025-10-15,2025-11-14,INR,7783.01,1400.94,9183.95,Travel,PO-2026-3268,Standard invoice for travel
INV-0331,FDX/2026/AXWWQR,FedEx Express Logistics,2025-10-15,2025-11-14,INR,8622.88,1552.12,10175.0,Office Supplies,PO-2026-3327,Standard invoice for office supplies
INV-0407,GDJ/2026/UX5GLP,Godrej Interio Ltd,2025-10-15,2025-11-14,INR,5313.86,956.49,6270.35,Marketing,PO-2026-8554,Standard invoice for marketing
INV-0688,LTI/2026/E9MGJH,Larsen and Toubro Infotech,2025-10-15,2025-11-14,INR,3989.09,718.04,4707.13,Logistics,PO-2026-8663,Standard invoice for logistics
INV-0050,ZOHO/2026/P8TYGW,Zoho Corporation Pvt Ltd,2025-10-16,2025-11-15,INR,4747.94,854.63,5602.57,Raw Materials,PO-2026-6788,Standard invoice for raw materials
INV-0060,INFY/2026/N9WY29,Infosys Limited,2025-10-16,2025-11-15,INR,6956.94,1252.25,8209.19,Raw Materials,PO-2026-6185,Standard invoice for raw materials
INV-0262,KPMG/2026/DJ8CFM,KPMG Advisory Services,2025-10-16,2025-11-15,INR,4182.06,752.77,4934.83,IT Equipment,PO-2026-3937,Standard invoice for it equipment
INV-0474,WIP/2026/RGWJZ9,Wipro Enterprises Limited,2025-10-16,2025-11-15,INR,5913.58,1064.44,6978.02,Travel,PO-2026-8370,Standard invoice for travel
INV-0673,TCS/2026/UXY629,Tata Consultancy Services,2025-10-16,2025-11-15,INR,8870.12,1596.62,10466.74,Software & Licenses,PO-2026-3420,Standard invoice for software & licenses
INV-0707,ZOHO/2026/P8TYGW,Zoho Corporation Pvt Ltd,2025-10-16,2025-11-15,INR,4747.94,854.63,5602.57,Raw Materials,PO-2026-6788,Standard invoice for raw materials
INV-0863,SMSG/2026/RQ9S78,Samsung India Electronics,2025-10-16,2025-11-15,INR,7500.0,1350.0,,Marketing,PO-2026-8780,Standard invoice for marketing
INV-0207,GDJ/2026/G3AAUY,Godrej Interio Ltd,2025-10-17,2025-11-16,INR,5018.88,903.4,5922.28,Marketing,PO-2026-7941,Standard invoice for marketing
INV-0670,REL/2026/R8V9KP,Reliance Retail Limited,2025-10-17,2025-11-16,INR,5795.04,1043.11,6838.15,Raw Materials,PO-2026-3776,Standard invoice for raw materials
INV-0716,FDX/2026/AXWWQR,FedEx Express Logistics,2025-10-17,2025-11-16,INR,8622.88,1552.12,10175.0,Office Supplies,PO-2026-3327,Standard invoice for office supplies
INV-0916,ITC/2026/QFLMET,ITC Infotech India Ltd,2025-10-17,2025-11-16,INR,8550.0,1539.0,8274.85,Professional Services,PO-2026-6218,Standard invoice for professional services
INV-0125,ZOHO/2026/5YBL56,Zoho Corporation Pvt Ltd,2025-10-18,2025-11-17,INR,5186.73,933.61,6120.34,Utilities,PO-2026-5522,Standard invoice for utilities
INV-0210,INFY/2026/UR4SD3,Infosys Limited,2025-10-18,2025-11-17,INR,7423.34,1336.2,8759.54,Raw Materials,PO-2026-2150,Standard invoice for raw materials
INV-0220,REL/2026/RMPQB4,Reliance Retail Limited,2025-10-18,2025-11-17,INR,5430.1,977.42,6407.52,Raw Materials,PO-2026-5933,Standard invoice for raw materials
INV-0472,SIEM/2026/F2RHBV,Siemens Industry Software,2025-10-18,2025-11-17,INR,5893.63,1060.85,6954.48,IT Equipment,PO-2026-5441,Standard invoice for it equipment
INV-0520,REL/2026/KCXBFK,Reliance Retail Limited,2025-10-18,2025-11-17,INR,5547.56,998.56,6546.12,Raw Materials,PO-2026-7062,Standard invoice for raw materials
INV-0958,GDJ/2026/Q9PGMV,Godrej Interio Ltd,2025-10-18,2025-11-17,INR,215364.03,38765.53,254129.56,Marketing,PO-2026-3571,Standard invoice for marketing
INV-0010,INFY/2026/PGJ93K,Infosys Limited,2025-10-19,2025-11-18,INR,6374.74,1147.45,7522.19,Raw Materials,PO-2026-8217,Standard invoice for raw materials
INV-0761,REL/2026/RMPQB4,Reliance Retail Limited,2025-10-19,2025-11-18,INR,5430.1,977.42,6407.52,Raw Materials,PO-2026-5933,Standard invoice for raw materials
INV-0142,ORCL/2026/PSCTR7,Oracle India Private Limited,2025-10-20,2025-11-19,INR,8200.65,1476.12,9676.77,IT Equipment,PO-2026-6405,Standard invoice for it equipment
INV-0435,INFY/2026/N9FZ8G,Infosys Limited,2025-10-20,2025-11-19,INR,6291.92,1132.55,7424.47,Utilities,PO-2026-5544,Standard invoice for utilities
INV-0483,HCL/2026/2RFTQQ,HCL Technologies Limited,2025-10-20,2025-11-19,INR,3972.92,715.13,4688.05,Software & Licenses,PO-2026-1657,Standard invoice for software & licenses
INV-0598,TCS/2026/QBZCTA,Tata Consultancy Services,2025-10-20,2025-11-19,INR,9379.19,1688.25,11067.44,Logistics,PO-2026-8237,Standard invoice for logistics
INV-0605,DELL/2026/4SX54F,Dell Technologies Inc,2025-10-20,2025-11-19,INR,6377.78,1148.0,7525.78,Utilities,PO-2026-3998,Standard invoice for utilities
INV-0633,HCL/2026/UBHH4W,HCL Technologies Limited,2025-10-20,2025-11-19,INR,3990.22,718.24,4708.46,Software & Licenses,PO-2026-9055,Standard invoice for software & licenses
INV-0643,PSYS/2026/QEREMV,Persistent Systems Ltd,2025-10-20,2025-11-19,INR,4577.65,823.98,5401.63,Software & Licenses,PO-2026-4196,Standard invoice for software & licenses
INV-0676,AC/2026/BMNH34,Acme Pvt Ltd,2025-10-20,2025-11-19,INR,4339.88,781.18,5121.06,Professional Services,PO-2026-5789,Standard invoice for professional services
INV-0752,REL/2026/RMPQB4,Reliance Retail Limited,2025-10-20,2025-11-19,INR,5430.1,977.42,6407.52,Raw Materials,PO-2026-5933,Standard invoice for raw materials
INV-0342,ORCL/2026/JLVGQ5,Oracle India Private Limited,2025-10-21,2025-11-20,INR,8014.82,1442.67,9457.49,IT Equipment,PO-2026-4440,Standard invoice for it equipment
INV-0377,APX/2026/X2FLWP,Apex Solutions Private Limited,2025-10-21,2025-11-20,INR,3966.73,714.01,4680.74,Marketing,PO-2026-6330,Standard invoice for marketing
INV-0718,ORCL/2026/JLVGQ5,Oracle India Private Limited,2025-10-21,2025-11-20,INR,8014.82,1442.67,9457.49,IT Equipment,PO-2026-4440,Standard invoice for it equipment
INV-0987,FDX/2026/PSHZTE,Pacific Cybertech LLC,2025-10-21,2025-11-20,INR,8550.0,1539.0,10089.0,Office Supplies,PO-2026-1816,Standard invoice for office supplies
INV-0153,BD/2026/MVE5ZR,Blue Dart Express Ltd,2025-10-22,2025-11-21,INR,5212.02,938.16,6150.18,Software & Licenses,PO-2026-7715,Standard invoice for software & licenses
INV-0266,MSFT/2026/G89A2N,Microsoft India Pvt Ltd,2025-10-22,2025-11-21,INR,4383.06,788.95,5172.01,Professional Services,PO-2026-2670,Standard invoice for professional services
INV-0575,ZOHO/2026/BG83ZX,Zoho Corporation Pvt Ltd,2025-10-22,2025-11-21,INR,4863.17,875.37,5738.54,Utilities,PO-2026-8340,Standard invoice for utilities
INV-0620,REL/2026/NUJ5T9,Reliance Retail Limited,2025-10-22,2025-11-21,INR,5361.45,965.06,6326.51,Raw Materials,PO-2026-1233,Standard invoice for raw materials
INV-0011,ITC/2026/9VUBEQ,ITC Infotech India Ltd,2025-10-23,2025-11-22,INR,9114.8,1640.66,10755.46,Office Supplies,PO-2026-3518,Standard invoice for office supplies
INV-0138,LTI/2026/UT3HEK,Larsen and Toubro Infotech,2025-10-23,2025-11-22,INR,4628.1,833.06,5461.16,Logistics,PO-2026-7845,Standard invoice for logistics
INV-0412,KPMG/2026/AVW5VM,KPMG Advisory Services,2025-10-23,2025-11-22,INR,4458.49,802.53,5261.02,IT Equipment,PO-2026-2066,Standard invoice for it equipment
INV-0458,HCL/2026/9R9VNC,HCL Technologies Limited,2025-10-23,2025-11-22,INR,4073.0,733.14,4806.14,Logistics,PO-2026-7142,Standard invoice for logistics
INV-0473,TCS/2026/NDA7J6,Tata Consultancy Services,2025-10-23,2025-11-22,INR,8107.5,1459.35,9566.85,Software & Licenses,PO-2026-4200,Standard invoice for software & licenses
INV-0950,PWC/2026/BXWFK5,PwC India Advisory,2025-10-23,2025-11-22,INR,263583.04,47444.95,311027.99,Software & Licenses,PO-2026-3425,Standard invoice for software & licenses
INV-0036,ITC/2026/99T3L7,ITC Infotech India Ltd,2025-10-24,2025-11-23,INR,8558.07,1540.45,10098.52,Professional Services,PO-2026-8621,Standard invoice for professional services
INV-0058,HCL/2026/2NZCLR,HCL Technologies Limited,2025-10-24,2025-11-23,INR,4392.46,790.64,5183.1,Logistics,PO-2026-5340,Standard invoice for logistics
INV-0068,PSYS/2026/8HYBPD,Persistent Systems Ltd,2025-10-24,2025-11-23,INR,4726.41,850.75,5577.16,Logistics,PO-2026-1540,Standard invoice for logistics
INV-0821,MSFT/2026/LXXVSX,Microsoft India Pvt Ltd,2025-10-24,2025-11-23,INR,4700.0,846.0,,Logistics,PO-2026-9783,Standard invoice for logistics
INV-0977,KPMG/2026/4G2U8T,KPMG Advisory Services,2025-10-24,2025-11-23,INR,4350.0,783.0,5133.0,Cryptocurrency,PO-2026-5976,Standard invoice for raw materials
INV-0999,PSYS/2026/C3VYAN,Persistent Systems Ltd,2025-10-24,2025-11-23,INR,47604.81,8568.86,56173.67,Raw Materials,PO-2026-2632,Standard invoice for raw materials
INV-0002,APX/2026/3DKC3Y,Apex Solutions Private Limited,2025-10-25,2025-11-24,INR,4754.34,855.78,5610.12,IT Equipment,PO-2026-5855,Standard invoice for it equipment
INV-0157,GDJ/2026/73RJ5K,Godrej Interio Ltd,2025-10-25,2025-11-24,INR,4666.54,839.98,5506.52,Marketing,PO-2026-1864,Standard invoice for marketing
INV-0208,HCL/2026/MQLXV9,HCL Technologies Limited,2025-10-25,2025-11-24,INR,3946.7,710.41,4657.11,Logistics,PO-2026-2943,Standard invoice for logistics
INV-0589,LEN/2026/VDLTVQ,Lenovo India Private Limited,2025-10-25,2025-11-24,INR,7206.13,1297.1,8503.23,Maintenance,PO-2026-5857,Standard invoice for maintenance
INV-0704,HCL/2026/MQLXV9,HCL Technologies Limited,2025-10-25,2025-11-24,INR,3946.7,710.41,4657.11,Logistics,PO-2026-2943,Standard invoice for logistics
INV-0740,LTI/2026/UT3HEK,Larsen and Toubro Infotech,2025-10-25,2025-11-24,INR,4628.1,833.06,5461.16,Logistics,PO-2026-7845,Standard invoice for logistics
INV-0868,APX/2026/G99M9Z,Apex Solutions Private Limited,2025-10-25,2025-11-24,INR,4350.0,783.0,0.0,Raw Materials,PO-2026-1568,Standard invoice for raw materials
INV-0954,CTS/2026/QXXPVV,Cognizant Technology Solutions,2025-10-25,2025-11-24,INR,104503.85,18810.69,123314.54,Utilities,PO-2026-6783,Standard invoice for utilities
INV-0160,INFY/2026/L6AYGC,Infosys Limited,2025-10-26,2025-11-25,INR,6953.43,1251.62,8205.05,Raw Materials,PO-2026-7287,Standard invoice for raw materials
INV-0280,DELL/2026/Y29VEZ,Dell Technologies Inc,2025-10-26,2025-11-25,INR,7300.11,1314.02,8614.13,Raw Materials,PO-2026-3225,Standard invoice for raw materials
INV-0289,LEN/2026/U7J3BB,Lenovo India Private Limited,2025-10-26,2025-11-25,INR,7830.51,1409.49,9240.0,Maintenance,PO-2026-5139,Standard invoice for maintenance
INV-0341,MSFT/2026/8ENUE2,Microsoft India Pvt Ltd,2025-10-26,2025-11-25,INR,4821.03,867.79,5688.82,Office Supplies,PO-2026-3133,Standard invoice for office supplies
INV-0351,AC/2026/X9K2WQ,Acme Pvt Ltd,2025-10-27,2025-11-26,INR,4677.84,842.01,5519.85,Office Supplies,PO-2026-1219,Standard invoice for office supplies
INV-0419,PWC/2026/DQQNL8,PwC India Advisory,2025-10-27,2025-11-26,INR,4591.7,826.51,5418.21,Maintenance,PO-2026-2138,Standard invoice for maintenance
INV-0434,HP/2026/H9SM5S,HP India Sales Pvt Ltd,2025-10-27,2025-11-26,INR,7318.37,1317.31,8635.68,Travel,PO-2026-5497,Standard invoice for travel
INV-0712,PSYS/2026/8HYBPD,Persistent Systems Ltd,2025-10-27,2025-11-26,INR,4726.41,850.75,5577.16,Logistics,PO-2026-1540,Standard invoice for logistics
INV-0742,HCL/2026/2NZCLR,HCL Technologies Limited,2025-10-27,2025-11-26,INR,4392.46,790.64,5183.1,Logistics,PO-2026-5340,Standard invoice for logistics
INV-0021,SMSG/2026/7MX65P,Samsung India Electronics,2025-10-28,2025-11-27,INR,7609.21,1369.66,8978.87,Office Supplies,PO-2026-3190,Standard invoice for office supplies
INV-0249,WIP/2026/Y89875,Wipro Enterprises Limited,2025-10-28,2025-11-27,INR,6831.13,1229.6,8060.73,Maintenance,PO-2026-2582,Standard invoice for maintenance
INV-0541,MSFT/2026/NYUR2N,Microsoft India Pvt Ltd,2025-10-28,2025-11-27,INR,5020.91,903.76,5924.67,Office Supplies,PO-2026-3878,Standard invoice for office supplies
INV-0849,TCS/2026/G8T33B,Tata Consultancy Services,2025-10-28,2025-11-27,INR,8550.0,1539.0,,Marketing,PO-2026-7333,Standard invoice for marketing
INV-0306,FDX/2026/K57HFD,FedEx Express Logistics,2025-11-13,2025-12-13,INR,8958.68,1612.56,10571.24,Professional Services,PO-2026-1145,Standard invoice for professional services
INV-0671,SMSG/2026/PZYS2R,Samsung India Electronics,2025-11-13,2025-12-13,INR,7534.4,1356.19,8890.59,Office Supplies,PO-2026-1191,Standard invoice for office supplies
INV-0700,ZOHO/2026/NSJXZG,Zoho Corporation Pvt Ltd,2025-11-13,2025-12-13,INR,5164.19,929.55,6093.74,Raw Materials,PO-2026-7096,Standard invoice for raw materials
INV-0402,APX/2026/7988XD,Apex Solutions Private Limited,2025-11-15,2025-12-15,INR,4695.96,845.27,5541.23,IT Equipment,PO-2026-7996,Standard invoice for it equipment
INV-0535,INFY/2026/WA7LXC,Infosys Limited,2025-11-15,2025-12-15,INR,6752.69,1215.48,7968.17,Utilities,PO-2026-1422,Standard invoice for utilities
INV-0137,KPMG/2026/ARPQJ3,KPMG Advisory Services,2025-11-16,2025-12-16,INR,4704.36,846.78,5551.14,Marketing,PO-2026-5331,Standard invoice for marketing
INV-0166,MSFT/2026/HLFSEC,Microsoft India Pvt Ltd,2025-11-16,2025-12-16,INR,5062.48,911.25,5973.73,Professional Services,PO-2026-8732,Standard invoice for professional services
INV-0189,LEN/2026/V65WSU,Lenovo India Private Limited,2025-11-16,2025-12-16,INR,7632.6,1373.87,9006.47,Maintenance,PO-2026-1725,Standard invoice for maintenance
INV-0206,FDX/2026/5NJD62,FedEx Express Logistics,2025-11-16,2025-12-16,INR,8469.85,1524.57,9994.42,Professional Services,PO-2026-9250,Standard invoice for professional services
INV-0582,GDJ/2026/CKJ2U8,Godrej Interio Ltd,2025-11-16,2025-12-16,INR,5274.96,949.49,6224.45,IT Equipment,PO-2026-5225,Standard invoice for it equipment
INV-0625,ZOHO/2026/9TNKJQ,Zoho Corporation Pvt Ltd,2025-11-16,2025-12-16,INR,4641.15,835.41,5476.56,Utilities,PO-2026-6247,Standard invoice for utilities
INV-0765,KPMG/2026/ARPQJ3,KPMG Advisory Services,2025-11-16,2025-12-16,INR,4704.36,846.78,5551.14,Marketing,PO-2026-5331,Standard invoice for marketing
INV-0282,GDJ/2026/MAF3HW,Godrej Interio Ltd,2025-11-17,2025-12-17,INR,5065.99,911.88,5977.87,IT Equipment,PO-2026-9855,Standard invoice for it equipment
INV-0421,SMSG/2026/7J4CUC,Samsung India Electronics,2025-11-17,2025-12-17,INR,7085.61,1275.41,8361.02,Office Supplies,PO-2026-2237,Standard invoice for office supplies
INV-0476,AC/2026/TY43H2,Acme Pvt Ltd,2025-11-17,2025-12-17,INR,4307.49,775.35,5082.84,Professional Services,PO-2026-1434,Standard invoice for professional services
INV-0562,KPMG/2026/BF7UUA,KPMG Advisory Services,2025-11-17,2025-12-17,INR,4362.71,785.29,5148.0,IT Equipment,PO-2026-1693,Standard invoice for it equipment
INV-0684,HP/2026/LLCNMP,HP India Sales Pvt Ltd,2025-11-17,2025-12-17,INR,6299.67,1133.94,7433.61,Travel,PO-2026-8869,Standard invoice for travel
INV-0842,SMSG/2026/LFYEVQ,,2025-11-17,2025-12-17,INR,7500.0,1350.0,8850.0,Maintenance,PO-2026-1445,Standard invoice for maintenance
INV-0238,LTI/2026/D3GGTV,Larsen and Toubro Infotech,2025-11-18,2025-12-18,INR,4580.45,824.48,5404.93,Logistics,PO-2026-8061,Standard invoice for logistics
INV-0366,MSFT/2026/X4NWJL,Microsoft India Pvt Ltd,2025-11-18,2025-12-18,INR,5096.01,917.28,6013.29,Professional Services,PO-2026-2740,Standard invoice for professional services
INV-0557,GDJ/2026/DWZ8ZJ,Godrej Interio Ltd,2025-11-18,2025-12-18,INR,4833.67,870.06,5703.73,Marketing,PO-2026-2602,Standard invoice for marketing
INV-0748,GDJ/2026/MAF3HW,Godrej Interio Ltd,2025-11-18,2025-12-18,INR,5065.99,911.88,5977.87,IT Equipment,PO-2026-9855,Standard invoice for it equipment
INV-0795,KPMG/2026/ARPQJ3,KPMG Advisory Services Pvt Ltd,2025-11-18,2025-12-18,INR,4714.9,848.68,5563.58,Marketing,PO-2026-5331,Standard invoice for marketing
INV-0829,TCS/2026/DJEEH3,Tata Consultancy Services,2025-11-18,2025-12-18,INR,8550.0,1539.0,,Maintenance,PO-2026-3799,Standard invoice for maintenance
INV-0920,WIP/2026/ZPE7GY,Wipro Enterprises Limited,2025-11-18,2025-12-18,INR,6450.0,1161.0,6500.93,Software & Licenses,PO-2026-5786,Standard invoice for software & licenses
INV-0089,LEN/2026/FBQU7B,Lenovo India Private Limited,2025-11-19,2025-12-19,INR,6698.89,1205.8,7904.69,Maintenance,PO-2026-2607,Standard invoice for maintenance
INV-0429,CTS/2026/X4ZHE8,Cognizant Technology Solutions,2025-11-19,2025-12-19,INR,7914.5,1424.61,9339.11,Maintenance,PO-2026-4327,Standard invoice for maintenance
INV-0536,ITC/2026/FW2MKD,ITC Infotech India Ltd,2025-11-19,2025-12-19,INR,8779.51,1580.31,10359.82,Professional Services,PO-2026-1341,Standard invoice for professional services
INV-0554,CTS/2026/S95P4X,Cognizant Technology Solutions,2025-11-19,2025-12-19,INR,7123.43,1282.22,8405.65,Travel,PO-2026-9714,Standard invoice for travel
INV-0730,LEN/2026/FBQU7B,Lenovo India Private Limited,2025-11-19,2025-12-19,INR,6698.89,1205.8,7904.69,Maintenance,PO-2026-2607,Standard invoice for maintenance
INV-0844,SIEM/2026/SRHJS5,,2025-11-19,2025-12-19,INR,6100.0,1098.0,7198.0,Professional Services,PO-2026-2881,Standard invoice for professional services
INV-0998,SIEM/2026/E5S5YS,Siemens Industry Software,2025-11-19,2025-12-19,INR,43605.31,7848.96,51454.27,Office Supplies,PO-2026-4922,Standard invoice for office supplies
INV-0362,KPMG/2026/LPYZQD,KPMG Advisory Services,2025-11-20,2025-12-20,INR,4062.51,731.25,4793.76,IT Equipment,PO-2026-3435,Standard invoice for it equipment
INV-0660,INFY/2026/A8JW2T,Infosys Limited,2025-11-20,2025-12-20,INR,7048.75,1268.77,8317.52,Raw Materials,PO-2026-2713,Standard invoice for raw materials
INV-0766,GDJ/2026/MAF3HW,Godrej Interio Limited,2025-11-20,2025-12-20,INR,5048.36,908.7,5957.06,IT Equipment,PO-2026-9855,Standard invoice for it equipment
INV-0930,PSYS/2026/VDXEJL,Persistent Systems Ltd,2025-11-20,2025-12-20,INR,4700.0,846.0,4594.03,Office Supplies,PO-2026-1511,Standard invoice for office supplies
INV-0027,APX/2026/7GEM6B,Apex Solutions Private Limited,2025-11-21,2025-12-21,INR,4630.02,833.4,5463.42,Marketing,PO-2026-8979,Standard invoice for marketing
INV-0049,WIP/2026/G2GD6E,Wipro Enterprises Limited,2025-11-21,2025-12-21,INR,6305.39,1134.97,7440.36,Maintenance,PO-2026-5136,Standard invoice for maintenance
INV-0061,ITC/2026/ZJNBGN,ITC Infotech India Ltd,2025-11-21,2025-12-21,INR,8124.02,1462.32,9586.34,Office Supplies,PO-2026-4523,Standard invoice for office supplies
INV-0174,WIP/2026/NYT3EF,Wipro Enterprises Limited,2025-11-21,2025-12-21,INR,6940.88,1249.36,8190.24,Travel,PO-2026-9626,Standard invoice for travel
INV-0367,ORCL/2026/KNDEW6,Oracle India Private Limited,2025-11-21,2025-12-21,INR,9024.51,1624.41,10648.92,Marketing,PO-2026-6631,Standard invoice for marketing
INV-0490,MMT/2026/AJR8E6,MakeMyTrip India Pvt Ltd,2025-11-21,2025-12-21,INR,8313.41,1496.41,9809.82,Raw Materials,PO-2026-9675,Standard invoice for raw materials
INV-0654,CTS/2026/2SDSLH,Cognizant Technology Solutions,2025-11-21,2025-12-21,INR,7928.48,1427.13,9355.61,Travel,PO-2026-7756,Standard invoice for travel
INV-0656,FDX/2026/T3V3P2,FedEx Express Logistics,2025-11-21,2025-12-21,INR,7730.17,1391.43,9121.6,Professional Services,PO-2026-8270,Standard invoice for professional services
INV-0845,,Apex Solutions Private Limited,2025-11-21,2025-12-21,INR,4350.0,783.0,5133.0,Utilities,PO-2026-2867,Standard invoice for utilities
INV-0236,ITC/2026/97QRH2,ITC Infotech India Ltd,2025-11-22,2025-12-22,INR,8551.06,1539.19,10090.25,Professional Services,PO-2026-2921,Standard invoice for professional services
INV-0255,DELL/2026/VVUUAK,Dell Technologies Inc,2025-11-22,2025-12-22,INR,6813.21,1226.38,8039.59,Utilities,PO-2026-6662,Standard invoice for utilities
INV-0386,ITC/2026/KQMR3J,ITC Infotech India Ltd,2025-11-22,2025-12-22,INR,8722.7,1570.09,10292.79,Professional Services,PO-2026-2444,Standard invoice for professional services
INV-0414,LEN/2026/T7BULC,Lenovo India Private Limited,2025-11-22,2025-12-22,INR,7499.22,1349.86,8849.08,Travel,PO-2026-4440,Standard invoice for travel
INV-0534,HP/2026/A9N2Q8,HP India Sales Pvt Ltd,2025-11-22,2025-12-22,INR,6763.7,1217.47,7981.17,Travel,PO-2026-1236,Standard invoice for travel
INV-0708,DELL/2026/VVUUAK,Dell Technologies Inc,2025-11-22,2025-12-22,INR,6813.21,1226.38,8039.59,Utilities,PO-2026-6662,Standard invoice for utilities
INV-0104,CTS/2026/UCHFDP,Cognizant Technology Solutions,2025-11-23,2025-12-23,INR,8510.37,1531.87,10042.24,Travel,PO-2026-3001,Standard invoice for travel
INV-0185,INFY/2026/EMFANB,Infosys Limited,2025-11-23,2025-12-23,INR,7412.84,1334.31,8747.15,Utilities,PO-2026-6269,Standard invoice for utilities
INV-0196,SMSG/2026/2T63EM,Samsung India Electronics,2025-11-23,2025-12-23,INR,6805.21,1224.94,8030.15,Professional Services,PO-2026-2614,Standard invoice for professional services
INV-0423,TCS/2026/RQJWAQ,Tata Consultancy Services,2025-11-23,2025-12-23,INR,8927.98,1607.04,10535.02,Software & Licenses,PO-2026-1436,Standard invoice for software & licenses
INV-0586,ITC/2026/GMCE7Q,ITC Infotech India Ltd,2025-11-23,2025-12-23,INR,8741.61,1573.49,10315.1,Professional Services,PO-2026-2791,Standard invoice for professional services
INV-0202,APX/2026/JMVJED,Apex Solutions Private Limited,2025-11-24,2025-12-24,INR,4362.04,785.17,5147.21,IT Equipment,PO-2026-3516,Standard invoice for it equipment
INV-0754,WIP/2026/G2GD6E,Wipro Enterprises Limited,2025-11-24,2025-12-24,INR,6305.39,1134.97,7440.36,Maintenance,PO-2026-5136,Standard invoice for maintenance
INV-0441,MSFT/2026/TM92RG,Microsoft India Pvt Ltd,2025-11-25,2025-12-25,INR,4659.95,838.79,5498.74,Office Supplies,PO-2026-8729,Standard invoice for office supplies
INV-0496,SMSG/2026/RQMUEJ,Samsung India Electronics,2025-11-25,2025-12-25,INR,6790.65,1222.32,8012.97,Professional Services,PO-2026-6617,Standard invoice for professional services
INV-0655,DELL/2026/CHCV7S,Dell Technologies Inc,2025-11-25,2025-12-25,INR,7003.13,1260.56,8263.69,Utilities,PO-2026-8796,Standard invoice for utilities
INV-0714,INFY/2026/EMFANB,Infosys Limited,2025-11-25,2025-12-25,INR,7412.84,1334.31,8747.15,Utilities,PO-2026-6269,Standard invoice for utilities
INV-0973,BD/2026/64QR3U,Zenith Global Services,2025-11-25,2025-12-25,INR,5050.0,909.0,5959.0,IT Equipment,PO-2026-5961,Standard invoice for it equipment
INV-0978,KPMG/2026/TNDTV9,Apex Offshore Holdings,2025-11-25,2025-12-25,INR,4350.0,783.0,5133.0,Maintenance,PO-2026-1300,Standard invoice for maintenance
INV-0014,LEN/2026/FWTXNR,Lenovo India Private Limited,2025-11-26,2025-12-26,INR,6502.78,1170.5,7673.28,Travel,PO-2026-2026,Standard invoice for travel
INV-0037,KPMG/2026/BLPJ7G,KPMG Advisory Services,2025-11-26,2025-12-26,INR,4610.88,829.96,5440.84,Marketing,PO-2026-6216,Standard invoice for marketing
INV-0211,ITC/2026/Y36X9R,ITC Infotech India Ltd,2025-11-26,2025-12-26,INR,8496.42,1529.36,10025.78,Office Supplies,PO-2026-6614,Standard invoice for office supplies
INV-0247,SIEM/2026/XCYV76,Siemens Industry Software,2025-11-26,2025-12-26,INR,5660.21,1018.84,6679.05,Marketing,PO-2026-1985,Standard invoice for marketing
INV-0339,LEN/2026/7FN52D,Lenovo India Private Limited,2025-11-26,2025-12-26,INR,7673.26,1381.19,9054.45,Maintenance,PO-2026-3396,Standard invoice for maintenance
INV-0389,LEN/2026/KKP8V4,Lenovo India Private Limited,2025-11-26,2025-12-26,INR,6786.06,1221.49,8007.55,Maintenance,PO-2026-9829,Standard invoice for maintenance
INV-0539,LEN/2026/3T8ARZ,Lenovo India Private Limited,2025-11-26,2025-12-26,INR,7330.96,1319.57,8650.53,Maintenance,PO-2026-1885,Standard invoice for maintenance
INV-0602,APX/2026/72HY5A,Apex Solutions Private Limited,2025-11-26,2025-12-26,INR,3995.19,719.13,4714.32,IT Equipment,PO-2026-3022,Standard invoice for it equipment
INV-0932,GDJ/2026/248TKM,Godrej Interio Ltd,2025-11-26,2025-12-26,INR,5050.0,909.0,5655.8,Software & Licenses,PO-2026-3009,Standard invoice for software & licenses
INV-0110,INFY/2026/RPLC5J,Infosys Limited,2025-11-27,2025-12-27,INR,7444.07,1339.93,8784.0,Raw Materials,PO-2026-5874,Standard invoice for raw materials
INV-0203,BD/2026/PRDD68,Blue Dart Express Ltd,2025-11-27,2025-12-27,INR,4772.89,859.12,5632.01,Software & Licenses,PO-2026-8782,Standard invoice for software & licenses
INV-0387,KPMG/2026/88F9G3,KPMG Advisory Services,2025-11-27,2025-12-27,INR,4178.34,752.1,4930.44,Marketing,PO-2026-4791,Standard invoice for marketing
INV-0411,ITC/2026/95TBQR,ITC Infotech India Ltd,2025-11-27,2025-12-27,INR,8480.93,1526.57,10007.5,Office Supplies,PO-2026-4749,Standard invoice for office supplies
INV-0590,MMT/2026/5JGVHD,MakeMyTrip India Pvt Ltd,2025-11-27,2025-12-27,INR,8276.18,1489.71,9765.89,Raw Materials,PO-2026-4104,Standard invoice for raw materials
INV-0607,GDJ/2026/G48DYT,Godrej Interio Ltd,2025-11-27,2025-12-27,INR,5195.95,935.27,6131.22,Marketing,PO-2026-8666,Standard invoice for marketing
INV-0635,INFY/2026/6BMD7E,Infosys Limited,2025-11-27,2025-12-27,INR,6263.93,1127.51,7391.44,Utilities,PO-2026-2910,Standard invoice for utilities
INV-0019,PWC/2026/7RMKBV,PwC India Advisory,2025-11-28,2025-12-28,INR,4293.23,772.78,5066.01,Maintenance,PO-2026-7012,Standard invoice for maintenance
INV-0181,FDX/2026/3ZN342,FedEx Express Logistics,2025-11-28,2025-12-28,INR,8382.87,1508.92,9891.79,Office Supplies,PO-2026-5285,Standard invoice for office supplies
INV-0195,REL/2026/8HDQ26,Reliance Retail Limited,2025-11-28,2025-12-28,INR,5783.45,1041.02,6824.47,Utilities,PO-2026-9762,Standard invoice for utilities
INV-0425,ZOHO/2026/KCNG7D,Zoho Corporation Pvt Ltd,2025-11-28,2025-12-28,INR,4608.02,829.44,5437.46,Utilities,PO-2026-4879,Standard invoice for utilities
INV-0433,HCL/2026/NHQER9,HCL Technologies Limited,2025-11-28,2025-12-28,INR,4280.1,770.42,5050.52,Software & Licenses,PO-2026-7221,Standard invoice for software & licenses
INV-0616,MSFT/2026/835SEM,Microsoft India Pvt Ltd,2025-11-28,2025-12-28,INR,4606.02,829.08,5435.1,Professional Services,PO-2026-7462,Standard invoice for professional services
INV-0861,,Tata Consultancy Services,2025-11-28,2025-12-28,INR,8550.0,1539.0,10089.0,Software & Licenses,PO-2026-4186,Standard invoice for software & licenses
INV-0646,SMSG/2026/ALKJ2W,Samsung India Electronics,2025-12-13,2026-01-12,INR,8067.67,1452.18,9519.85,Professional Services,PO-2026-5245,Standard invoice for professional services
INV-0909,PWC/2026/GE399G,PwC India Advisory,2025-12-13,2026-01-12,INR,4700.0,846.0,4703.01,IT Equipment,PO-2026-9303,Standard invoice for it equipment
INV-0941,PWC/2026/77DX7C,PwC India Advisory,2025-12-13,2026-01-12,INR,4700.0,846.0,5185.56,Software & Licenses,PO-2026-6715,Standard invoice for software & licenses
INV-0245,REL/2026/A78GMM,Reliance Retail Limited,2025-12-14,2026-01-13,INR,5885.14,1059.33,6944.47,Utilities,PO-2026-4785,Standard invoice for utilities
INV-0250,ZOHO/2026/9U6LF2,Zoho Corporation Pvt Ltd,2025-12-14,2026-01-13,INR,4655.25,837.94,5493.19,Raw Materials,PO-2026-3547,Standard invoice for raw materials
INV-0374,WIP/2026/Z6V42Q,Wipro Enterprises Limited,2025-12-14,2026-01-13,INR,6916.44,1244.96,8161.4,Travel,PO-2026-6945,Standard invoice for travel
INV-0827,WIP/2026/KTLG46,,2025-12-14,2026-01-13,INR,6450.0,1161.0,7611.0,Travel,PO-2026-3537,Standard invoice for travel
INV-0095,REL/2026/BUFG7E,Reliance Retail Limited,2025-12-15,2026-01-14,INR,5239.87,943.18,6183.05,Utilities,PO-2026-6760,Standard invoice for utilities
INV-0259,HP/2026/4ARNC7,HP India Sales Pvt Ltd,2025-12-15,2026-01-14,INR,6399.6,1151.93,7551.53,Maintenance,PO-2026-7879,Standard invoice for maintenance
INV-0134,HP/2026/S5XS8F,HP India Sales Pvt Ltd,2025-12-16,2026-01-15,INR,6946.99,1250.46,8197.45,Travel,PO-2026-5892,Standard invoice for travel
INV-0171,SMSG/2026/JJXNXE,Samsung India Electronics,2025-12-16,2026-01-15,INR,8056.22,1450.12,9506.34,Office Supplies,PO-2026-5880,Standard invoice for office supplies
INV-0277,APX/2026/7X3Y33,Apex Solutions Private Limited,2025-12-16,2026-01-15,INR,4623.81,832.29,5456.1,Marketing,PO-2026-4490,Standard invoice for marketing
INV-0797,REL/2026/BUFG7E,Reliance Retail Ltd,2025-12-16,2026-01-15,INR,5275.46,949.58,6225.04,Utilities,PO-2026-6760,Standard invoice for utilities
INV-0988,WIP/2026/KSYKN7,Wipro Enterprises Limited,2025-12-16,2026-01-15,INR,6450.0,1161.0,7611.0,Entertainment,PO-2026-2457,Standard invoice for travel
INV-0813,APX/2026/7X3Y33,Apex Solutions Pvt Ltd,2025-12-17,2026-01-16,INR,4598.75,827.77,5426.52,Marketing,PO-2026-4490,Standard invoice for marketing
INV-0922,ITC/2026/Y2GW3Z,ITC Infotech India Ltd,2025-12-17,2026-01-16,INR,8550.0,1539.0,11895.74,Office Supplies,PO-2026-6039,Standard invoice for office supplies
INV-0112,KPMG/2026/D4K6HU,KPMG Advisory Services,2025-12-18,2026-01-17,INR,4434.9,798.28,5233.18,IT Equipment,PO-2026-5002,Standard invoice for it equipment
INV-0145,REL/2026/N4N3GM,Reliance Retail Limited,2025-12-18,2026-01-17,INR,5378.6,968.15,6346.75,Utilities,PO-2026-6686,Standard invoice for utilities
INV-0346,SMSG/2026/3TV7W8,Samsung India Electronics,2025-12-18,2026-01-17,INR,7778.02,1400.04,9178.06,Professional Services,PO-2026-7524,Standard invoice for professional services
INV-0556,FDX/2026/BEARSK,FedEx Express Logistics,2025-12-18,2026-01-17,INR,9364.87,1685.68,11050.55,Professional Services,PO-2026-8474,Standard invoice for professional services
INV-0108,HCL/2026/F26TMS,HCL Technologies Limited,2025-12-19,2026-01-18,INR,4389.42,790.1,5179.52,Logistics,PO-2026-5966,Standard invoice for logistics
INV-0614,LEN/2026/NZU645,Lenovo India Private Limited,2025-12-19,2026-01-18,INR,7047.45,1268.54,8315.99,Travel,PO-2026-6035,Standard invoice for travel
INV-0918,ZOHO/2026/894DAR,Zoho Corporation Pvt Ltd,2025-12-19,2026-01-18,INR,5050.0,909.0,4947.52,Logistics,PO-2026-1545,Standard invoice for logistics
INV-0032,GDJ/2026/GRFARY,Godrej Interio Ltd,2025-12-20,2026-01-19,INR,4820.08,867.61,5687.69,IT Equipment,PO-2026-4392,Standard invoice for it equipment
INV-0121,SMSG/2026/9Z5MTU,Samsung India Electronics,2025-12-20,2026-01-19,INR,7724.26,1390.37,9114.63,Office Supplies,PO-2026-6955,Standard invoice for office supplies
INV-0129,CTS/2026/MX6UHK,Cognizant Technology Solutions,2025-12-20,2026-01-19,INR,7499.63,1349.93,8849.56,Maintenance,PO-2026-2480,Standard invoice for maintenance
INV-0254,CTS/2026/PGGQH7,Cognizant Technology Solutions,2025-12-20,2026-01-19,INR,8129.62,1463.33,9592.95,Travel,PO-2026-2596,Standard invoice for travel
INV-0685,INFY/2026/8THQMR,Infosys Limited,2025-12-20,2026-01-19,INR,7388.76,1329.98,8718.74,Utilities,PO-2026-6676,Standard invoice for utilities
INV-0780,HCL/2026/F26TMS,HCL Technologies Ltd,2025-12-20,2026-01-19,INR,4354.72,783.85,5138.57,Logistics,PO-2026-5966,Standard invoice for logistics
INV-0147,SIEM/2026/NCYMJA,Siemens Industry Software,2025-12-21,2026-01-20,INR,6114.8,1100.66,7215.46,Marketing,PO-2026-6274,Standard invoice for marketing
INV-0161,ITC/2026/CCQQ8N,ITC Infotech India Ltd,2025-12-21,2026-01-20,INR,8222.72,1480.09,9702.81,Office Supplies,PO-2026-3209,Standard invoice for office supplies
INV-0169,PWC/2026/5GUE9W,PwC India Advisory,2025-12-21,2026-01-20,INR,4983.16,896.97,5880.13,Maintenance,PO-2026-9955,Standard invoice for maintenance
INV-0288,LTI/2026/PACF9V,Larsen and Toubro Infotech,2025-12-21,2026-01-20,INR,4599.84,827.97,5427.81,Logistics,PO-2026-8127,Standard invoice for logistics
INV-0361,ITC/2026/T85HTL,ITC Infotech India Ltd,2025-12-21,2026-01-20,INR,8993.47,1618.82,10612.29,Office Supplies,PO-2026-1453,Standard invoice for office supplies
INV-0404,CTS/2026/SJSXLW,Cognizant Technology Solutions,2025-12-21,2026-01-20,INR,8589.22,1546.06,10135.28,Travel,PO-2026-6982,Standard invoice for travel
INV-0705,HCL/2026/F26TMS,HCL Technologies Limited,2025-12-21,2026-01-20,INR,4389.42,790.1,5179.52,Logistics,PO-2026-5966,Standard invoice for logistics
INV-0017,ORCL/2026/7GAJQB,Oracle India Private Limited,2025-12-22,2026-01-21,INR,8325.62,1498.61,9824.23,Marketing,PO-2026-4855,Standard invoice for marketing
INV-0113,LTI/2026/3QN379,Larsen and Toubro Infotech,2025-12-22,2026-01-21,INR,4572.81,823.11,5395.92,Software & Licenses,PO-2026-1287,Standard invoice for software & licenses
INV-0436,ITC/2026/C3VRDW,ITC Infotech India Ltd,2025-12-22,2026-01-21,INR,7923.55,1426.24,9349.79,Professional Services,PO-2026-3699,Standard invoice for professional services
INV-0702,HCL/2026/F26TMS,HCL Technologies Limited,2025-12-22,2026-01-21,INR,4389.42,790.1,5179.52,Logistics,PO-2026-5966,Standard invoice for logistics
INV-0756,PWC/2026/5GUE9W,PwC India Advisory,2025-12-22,2026-01-21,INR,4983.16,896.97,5880.13,Maintenance,PO-2026-9955,Standard invoice for maintenance
INV-0043,PSYS/2026/TP87JR,Persistent Systems Ltd,2025-12-23,2026-01-22,INR,4637.66,834.78,5472.44,Software & Licenses,PO-2026-1092,Standard invoice for software & licenses
INV-0087,KPMG/2026/PPEZ9N,KPMG Advisory Services,2025-12-23,2026-01-22,INR,4092.8,736.7,4829.5,Marketing,PO-2026-1796,Standard invoice for marketing
INV-0136,ITC/2026/VJG9BQ,ITC Infotech India Ltd,2025-12-23,2026-01-22,INR,7954.6,1431.83,9386.43,Professional Services,PO-2026-5856,Standard invoice for professional services
INV-0522,SIEM/2026/25N3NR,Siemens Industry Software,2025-12-23,2026-01-22,INR,6683.77,1203.08,7886.85,IT Equipment,PO-2026-6310,Standard invoice for it equipment
INV-0663,LTI/2026/DTUJE3,Larsen and Toubro Infotech,2025-12-23,2026-01-22,INR,4491.73,808.51,5300.24,Software & Licenses,PO-2026-2326,Standard invoice for software & licenses
INV-0717,CTS/2026/PGGQH7,Cognizant Technology Solutions,2025-12-23,2026-01-22,INR,8129.62,1463.33,9592.95,Travel,PO-2026-2596,Standard invoice for travel
INV-0794,CTS/2026/PGGQH7,Cognizant Technology Solutions Pvt Ltd,2025-12-23,2026-01-22,INR,8189.61,1474.13,9663.74,Travel,PO-2026-2596,Standard invoice for travel
INV-0332,GDJ/2026/8ENHPN,Godrej Interio Ltd,2025-12-24,2026-01-23,INR,5274.61,949.43,6224.04,IT Equipment,PO-2026-1859,Standard invoice for it equipment
INV-0457,GDJ/2026/2KMPZZ,Godrej Interio Ltd,2025-12-24,2026-01-23,INR,5508.54,991.54,6500.08,Marketing,PO-2026-1298,Standard invoice for marketing
INV-0709,LTI/2026/PACF9V,Larsen and Toubro Infotech,2025-12-24,2026-01-23,INR,4599.84,827.97,5427.81,Logistics,PO-2026-8127,Standard invoice for logistics
INV-0773,ITC/2026/CCQQ8N,ITC Infotech India Limited,2025-12-24,2026-01-23,INR,8176.29,1471.73,9648.02,Office Supplies,PO-2026-3209,Standard invoice for office supplies
INV-0228,BD/2026/X97C3Q,Blue Dart Express Ltd,2025-12-25,2026-01-24,INR,5309.49,955.71,6265.2,Logistics,PO-2026-9905,Standard invoice for logistics
INV-0241,MSFT/2026/TJCA38,Microsoft India Pvt Ltd,2025-12-25,2026-01-24,INR,4380.5,788.49,5168.99,Office Supplies,PO-2026-8242,Standard invoice for office supplies
INV-0337,KPMG/2026/P35KKX,KPMG Advisory Services,2025-12-25,2026-01-24,INR,4611.03,829.99,5441.02,Marketing,PO-2026-8136,Standard invoice for marketing
INV-0437,KPMG/2026/VW34EK,KPMG Advisory Services,2025-12-25,2026-01-24,INR,4342.34,781.62,5123.96,Marketing,PO-2026-9602,Standard invoice for marketing
INV-0578,BD/2026/J2KDPU,Blue Dart Express Ltd,2025-12-25,2026-01-24,INR,5378.66,968.16,6346.82,Logistics,PO-2026-7032,Standard invoice for logistics
INV-0792,PSYS/2026/TP87JR,Persistent Systems Limited,2025-12-25,2026-01-24,INR,4670.45,840.68,5511.13,Software & Licenses,PO-2026-1092,Standard invoice for software & licenses
INV-0793,LTI/2026/3QN379,Larsen and Toubro Infotech Pvt Ltd,2025-12-25,2026-01-24,INR,4549.41,818.89,5368.3,Software & Licenses,PO-2026-1287,Standard invoice for software & licenses
INV-0191,MSFT/2026/BWQUV7,Microsoft India Pvt Ltd,2025-12-27,2026-01-26,INR,4538.45,816.92,5355.37,Office Supplies,PO-2026-5311,Standard invoice for office supplies
INV-0449,WIP/2026/DBVHD2,Wipro Enterprises Limited,2025-12-27,2026-01-26,INR,6157.16,1108.29,7265.45,Maintenance,PO-2026-8746,Standard invoice for maintenance
INV-0479,CTS/2026/45HM3K,Cognizant Technology Solutions,2025-12-27,2026-01-26,INR,8214.5,1478.61,9693.11,Maintenance,PO-2026-2584,Standard invoice for maintenance
INV-0492,ORCL/2026/62HLZX,Oracle India Private Limited,2025-12-27,2026-01-26,INR,8133.7,1464.07,9597.77,IT Equipment,PO-2026-4309,Standard invoice for it equipment
INV-0517,ORCL/2026/YN8RD5,Oracle India Private Limited,2025-12-27,2026-01-26,INR,8055.43,1449.98,9505.41,Marketing,PO-2026-6328,Standard invoice for marketing
INV-0628,BD/2026/276C7H,Blue Dart Express Ltd,2025-12-27,2026-01-26,INR,4895.05,881.11,5776.16,Logistics,PO-2026-2634,Standard invoice for logistics
INV-0866,WIP/2026/CM5K7A,Wipro Enterprises Limited,2025-12-27,2026-01-26,INR,6450.0,1161.0,INVALID_AMOUNT,Office Supplies,PO-2026-3549,Standard invoice for office supplies
INV-0991,BD/2026/VQ4EDV,Blue Dart Express Ltd,2025-12-27,2026-01-26,INR,40351.81,7263.32,47615.13,Logistics,PO-2026-7825,Standard invoice for logistics
INV-0001,AC/2026/QT7QSU,Acme Pvt Ltd,2025-12-28,2026-01-27,INR,4822.09,867.98,5690.07,Office Supplies,PO-2026-4924,Standard invoice for office supplies
INV-0146,SMSG/2026/NV2RRW,Samsung India Electronics,2025-12-28,2026-01-27,INR,7056.88,1270.24,8327.12,Professional Services,PO-2026-2641,Standard invoice for professional services
INV-0159,HP/2026/CBLMK4,HP India Sales Pvt Ltd,2025-12-28,2026-01-27,INR,6642.8,1195.7,7838.5,Maintenance,PO-2026-8401,Standard invoice for maintenance
INV-0192,ORCL/2026/JVGRTB,Oracle India Private Limited,2025-12-28,2026-01-27,INR,7884.9,1419.28,9304.18,IT Equipment,PO-2026-4303,Standard invoice for it equipment
INV-0325,ZOHO/2026/BB3EGA,Zoho Corporation Pvt Ltd,2025-12-28,2026-01-27,INR,5196.41,935.35,6131.76,Utilities,PO-2026-9829,Standard invoice for utilities
INV-0508,HCL/2026/Q5JPEJ,HCL Technologies Limited,2025-12-28,2026-01-27,INR,3683.35,663.0,4346.35,Logistics,PO-2026-4680,Standard invoice for logistics
INV-0606,FDX/2026/52FEXV,FedEx Express Logistics,2025-12-28,2026-01-27,INR,9247.55,1664.56,10912.11,Professional Services,PO-2026-2238,Standard invoice for professional services
INV-0923,INFY/2026/HVLT35,Infosys Limited,2025-12-28,2026-01-27,INR,6800.0,1224.0,7265.14,Maintenance,PO-2026-2027,Standard invoice for maintenance
INV-0926,REL/2026/JFGDPL,Reliance Retail Limited,2025-12-28,2026-01-27,INR,5400.0,972.0,6676.52,Software & Licenses,PO-2026-6422,Standard invoice for software & licenses
INV-0993,AC/2026/DKP7ES,Acme Pvt Ltd,2025-12-28,2026-01-27,INR,67775.51,12199.59,79975.1,Software & Licenses,PO-2026-4445,Standard invoice for software & licenses
INV-0162,KPMG/2026/M9EGHX,KPMG Advisory Services,2026-01-13,2026-02-12,INR,4721.03,849.79,5570.82,IT Equipment,PO-2026-2401,Standard invoice for it equipment
INV-0295,REL/2026/CJGXGP,Reliance Retail Limited,2026-01-13,2026-02-12,INR,5304.03,954.73,6258.76,Utilities,PO-2026-4948,Standard invoice for utilities
INV-0995,MMT/2026/8L4KY5,MakeMyTrip India Pvt Ltd,2026-01-13,2026-02-12,INR,54428.34,9797.1,64225.44,Software & Licenses,PO-2026-5508,Standard invoice for software & licenses
INV-0065,MMT/2026/RJ7XZA,MakeMyTrip India Pvt Ltd,2026-01-14,2026-02-13,INR,8058.8,1450.58,9509.38,Utilities,PO-2026-9415,Standard invoice for utilities
INV-0358,HCL/2026/CT9LN7,HCL Technologies Limited,2026-01-14,2026-02-13,INR,4328.99,779.22,5108.21,Logistics,PO-2026-1545,Standard invoice for logistics
INV-0503,BD/2026/8QJK8M,Blue Dart Express Ltd,2026-01-14,2026-02-13,INR,5085.41,915.37,6000.78,Software & Licenses,PO-2026-2523,Standard invoice for software & licenses
INV-0551,AC/2026/VXTT8K,Acme Pvt Ltd,2026-01-14,2026-02-13,INR,4701.04,846.19,5547.23,Office Supplies,PO-2026-6784,Standard invoice for office supplies
INV-0079,CTS/2026/3KLN76,Cognizant Technology Solutions,2026-01-15,2026-02-14,INR,7632.86,1373.91,9006.77,Maintenance,PO-2026-2060,Standard invoice for maintenance
INV-0109,HP/2026/SY4G8W,HP India Sales Pvt Ltd,2026-01-15,2026-02-14,INR,6305.33,1134.96,7440.29,Maintenance,PO-2026-2775,Standard invoice for maintenance
INV-0319,PWC/2026/ZQNT69,PwC India Advisory,2026-01-15,2026-02-14,INR,4332.95,779.93,5112.88,Maintenance,PO-2026-7929,Standard invoice for maintenance
INV-0426,AC/2026/FBVV8K,Acme Pvt Ltd,2026-01-15,2026-02-14,INR,4437.92,798.83,5236.75,Professional Services,PO-2026-8994,Standard invoice for professional services
INV-0468,PSYS/2026/PE7PHE,Persistent Systems Ltd,2026-01-15,2026-02-14,INR,4564.89,821.68,5386.57,Logistics,PO-2026-9387,Standard invoice for logistics
INV-0485,INFY/2026/WUWP4T,Infosys Limited,2026-01-15,2026-02-14,INR,7245.83,1304.25,8550.08,Utilities,PO-2026-4112,Standard invoice for utilities
INV-0555,DELL/2026/NU2V6F,Dell Technologies Inc,2026-01-15,2026-02-14,INR,6210.35,1117.86,7328.21,Utilities,PO-2026-4626,Standard invoice for utilities
INV-0585,INFY/2026/CPRD6M,Infosys Limited,2026-01-15,2026-02-14,INR,6183.22,1112.98,7296.2,Utilities,PO-2026-9613,Standard invoice for utilities
INV-0871,INFY/2026/7QUC62,Infosys Limited,2026-01-15,2026-02-14,INR,6800.0,1224.0,-4105.18,Software & Licenses,PO-2026-7273,Standard invoice for software & licenses
INV-0953,CTS/2026/RH7K3R,Cognizant Technology Solutions,2026-01-15,2026-02-14,INR,296350.05,53343.01,349693.06,Raw Materials,PO-2026-5538,Standard invoice for raw materials
INV-0338,LTI/2026/67DWJK,Larsen and Toubro Infotech,2026-01-16,2026-02-15,INR,4523.53,814.24,5337.77,Logistics,PO-2026-6649,Standard invoice for logistics
INV-0558,HCL/2026/XVMBNQ,HCL Technologies Limited,2026-01-16,2026-02-15,INR,4293.2,772.78,5065.98,Logistics,PO-2026-3590,Standard invoice for logistics
INV-0759,KPMG/2026/M9EGHX,KPMG Advisory Services,2026-01-16,2026-02-15,INR,4721.03,849.79,5570.82,IT Equipment,PO-2026-2401,Standard invoice for it equipment
INV-0870,LEN/2026/J4HGZN,Lenovo India Private Limited,2026-01-16,2026-02-15,INR,7150.0,1287.0,-4812.51,IT Equipment,PO-2026-6768,Standard invoice for it equipment
INV-0972,SIEM/2026/LVJV2J,Siemens Industry Software,2026-01-16,2026-02-15,INR,116220.78,20919.74,137140.52,Raw Materials,PO-2026-2687,Standard invoice for raw materials
INV-0201,AC/2026/ACGY52,Acme Pvt Ltd,2026-01-17,2026-02-16,INR,4297.16,773.49,5070.65,Office Supplies,PO-2026-6211,Standard invoice for office supplies
INV-0486,ITC/2026/2YTHDX,ITC Infotech India Ltd,2026-01-17,2026-02-16,INR,8634.38,1554.19,10188.57,Professional Services,PO-2026-8159,Standard invoice for professional services
INV-0769,HP/2026/SY4G8W,HP India Sales Private Limited,2026-01-17,2026-02-16,INR,6343.47,1141.83,7485.3,Maintenance,PO-2026-2775,Standard invoice for maintenance
INV-0883,DELL/2026/PZ6VZH,Dell Technologies Inc,2026-01-17,2026-02-16,INR,6800.0,1224.0,0.0,Maintenance,PO-2026-9824,Standard invoice for maintenance
INV-0964,HP/2026/5X8EWV,HP India Sales Pvt Ltd,2026-01-17,2026-02-16,INR,243752.53,43875.45,287627.98,Raw Materials,PO-2026-5050,Standard invoice for raw materials
INV-0052,APX/2026/RA2V6R,Apex Solutions Private Limited,2026-01-18,2026-02-17,INR,4015.0,722.7,4737.7,IT Equipment,PO-2026-5862,Standard invoice for it equipment
INV-0131,FDX/2026/KJ3CK2,FedEx Express Logistics,2026-01-18,2026-02-17,INR,8172.26,1471.01,9643.27,Office Supplies,PO-2026-9471,Standard invoice for office supplies
INV-0164,LEN/2026/DA3GNF,Lenovo India Private Limited,2026-01-18,2026-02-17,INR,6663.04,1199.35,7862.39,Travel,PO-2026-4847,Standard invoice for travel
INV-0184,HP/2026/JGFBEK,HP India Sales Pvt Ltd,2026-01-18,2026-02-17,INR,6592.57,1186.66,7779.23,Travel,PO-2026-4434,Standard invoice for travel
INV-0199,WIP/2026/4Y58XG,Wipro Enterprises Limited,2026-01-18,2026-02-17,INR,6793.63,1222.85,8016.48,Maintenance,PO-2026-7107,Standard invoice for maintenance
INV-0803,AC/2026/ACGY52,Acme Private Limited,2026-01-18,2026-02-17,INR,4263.33,767.4,5030.73,Office Supplies,PO-2026-6211,Standard invoice for office supplies
INV-0853,PSYS/2026/944F64,,2026-01-18,2026-02-17,INR,4700.0,846.0,5546.0,IT Equipment,PO-2026-2558,Standard invoice for it equipment
INV-0071,SMSG/2026/VZYGJH,Samsung India Electronics,2026-01-19,2026-02-18,INR,8068.16,1452.27,9520.43,Office Supplies,PO-2026-3968,Standard invoice for office supplies
INV-0003,BD/2026/WVFASB,Blue Dart Express Ltd,2026-01-20,2026-02-19,INR,5150.61,927.11,6077.72,Software & Licenses,PO-2026-7784,Standard invoice for software & licenses
INV-0013,LTI/2026/U4ENWK,Larsen and Toubro Infotech,2026-01-20,2026-02-19,INR,4546.09,818.3,5364.39,Software & Licenses,PO-2026-7143,Standard invoice for software & licenses
INV-0035,INFY/2026/WGZ4WY,Infosys Limited,2026-01-20,2026-02-19,INR,7343.98,1321.92,8665.9,Utilities,PO-2026-9114,Standard invoice for utilities
INV-0450,ZOHO/2026/M7449V,Zoho Corporation Pvt Ltd,2026-01-20,2026-02-19,INR,5132.98,923.94,6056.92,Raw Materials,PO-2026-5569,Standard invoice for raw materials
INV-0788,HP/2026/JGFBEK,HP India Sales Private Limited,2026-01-20,2026-02-19,INR,6619.42,1191.49,7810.91,Travel,PO-2026-4434,Standard invoice for travel
INV-0007,GDJ/2026/7BNYPU,Godrej Interio Ltd,2026-01-21,2026-02-20,INR,4885.26,879.35,5764.61,Marketing,PO-2026-3535,Standard invoice for marketing
INV-0294,PWC/2026/A4ZUZ5,PwC India Advisory,2026-01-21,2026-02-20,INR,4261.85,767.13,5028.98,Travel,PO-2026-2828,Standard invoice for travel
INV-0447,SIEM/2026/V7ZJVK,Siemens Industry Software,2026-01-21,2026-02-20,INR,6396.67,1151.4,7548.07,Marketing,PO-2026-4531,Standard invoice for marketing
INV-0518,PSYS/2026/QR5L6B,Persistent Systems Ltd,2026-01-21,2026-02-20,INR,4916.55,884.98,5801.53,Logistics,PO-2026-8442,Standard invoice for logistics
INV-0653,BD/2026/BRTH3F,Blue Dart Express Ltd,2026-01-21,2026-02-20,INR,5336.27,960.53,6296.8,Software & Licenses,PO-2026-5967,Standard invoice for software & licenses
INV-0744,LTI/2026/U4ENWK,Larsen and Toubro Infotech,2026-01-21,2026-02-20,INR,4546.09,818.3,5364.39,Software & Licenses,PO-2026-7143,Standard invoice for software & licenses
INV-0910,WIP/2026/2FNTFB,Wipro Enterprises Limited,2026-01-21,2026-02-20,INR,6450.0,1161.0,8056.34,Utilities,PO-2026-8254,Standard invoice for utilities
INV-0005,DELL/2026/J994YL,Dell Technologies Inc,2026-01-22,2026-02-21,INR,6160.46,1108.88,7269.34,Utilities,PO-2026-3645,Standard invoice for utilities
INV-0040,MMT/2026/4TKN56,MakeMyTrip India Pvt Ltd,2026-01-22,2026-02-21,INR,8400.71,1512.13,9912.84,Raw Materials,PO-2026-3713,Standard invoice for raw materials
INV-0323,TCS/2026/7VAZ7V,Tata Consultancy Services,2026-01-22,2026-02-21,INR,8265.92,1487.87,9753.79,Software & Licenses,PO-2026-7675,Standard invoice for software & licenses
INV-0334,HP/2026/YEL93U,HP India Sales Pvt Ltd,2026-01-22,2026-02-21,INR,6364.72,1145.65,7510.37,Travel,PO-2026-2251,Standard invoice for travel
INV-0634,HP/2026/NHMFZ5,HP India Sales Pvt Ltd,2026-01-22,2026-02-21,INR,6137.86,1104.81,7242.67,Travel,PO-2026-3822,Standard invoice for travel
INV-0733,MMT/2026/4TKN56,MakeMyTrip India Pvt Ltd,2026-01-22,2026-02-21,INR,8400.71,1512.13,9912.84,Raw Materials,PO-2026-3713,Standard invoice for raw materials
INV-0767,BD/2026/WVFASB,Blue Dart Express Limited,2026-01-22,2026-02-21,INR,5161.45,929.06,6090.51,Software & Licenses,PO-2026-7784,Standard invoice for software & licenses
INV-0056,FDX/2026/C4678U,FedEx Express Logistics,2026-01-23,2026-02-22,INR,9071.24,1632.82,10704.06,Professional Services,PO-2026-8650,Standard invoice for professional services
INV-0073,TCS/2026/CXTWMR,Tata Consultancy Services,2026-01-23,2026-02-22,INR,8282.73,1490.89,9773.62,Software & Licenses,PO-2026-4053,Standard invoice for software & licenses
INV-0336,ITC/2026/USNRBV,ITC Infotech India Ltd,2026-01-23,2026-02-22,INR,9294.41,1672.99,10967.4,Professional Services,PO-2026-4542,Standard invoice for professional services
INV-0345,REL/2026/FQRXJT,Reliance Retail Limited,2026-01-23,2026-02-22,INR,5641.44,1015.46,6656.9,Utilities,PO-2026-7864,Standard invoice for utilities
INV-0398,TCS/2026/Q7UYCQ,Tata Consultancy Services,2026-01-23,2026-02-22,INR,7986.97,1437.65,9424.62,Logistics,PO-2026-3716,Standard invoice for logistics
INV-0811,GDJ/2026/7BNYPU,Godrej Interio Limited,2026-01-23,2026-02-22,INR,4906.43,883.16,5789.59,Marketing,PO-2026-3535,Standard invoice for marketing
INV-0913,PWC/2026/UGJ4LF,PwC India Advisory,2026-01-23,2026-02-22,INR,4700.0,846.0,6220.66,Maintenance,PO-2026-5935,Standard invoice for maintenance
INV-0924,HP/2026/B694GW,HP India Sales Pvt Ltd,2026-01-23,2026-02-22,INR,6800.0,1224.0,6814.69,Raw Materials,PO-2026-6753,Standard invoice for raw materials
INV-0961,SIEM/2026/8MQ4RD,Siemens Industry Software,2026-01-23,2026-02-22,INR,98120.53,17661.69,115782.22,Logistics,PO-2026-2065,Standard invoice for logistics
INV-0307,GDJ/2026/JRYA45,Godrej Interio Ltd,2026-01-24,2026-02-23,INR,5251.28,945.23,6196.51,Marketing,PO-2026-9539,Standard invoice for marketing
INV-0383,HCL/2026/T6XHMC,HCL Technologies Limited,2026-01-24,2026-02-23,INR,3691.29,664.43,4355.72,Software & Licenses,PO-2026-8477,Standard invoice for software & licenses
INV-0804,DELL/2026/J994YL,Dell Technologies Technologies Inc,2026-01-24,2026-02-23,INR,6113.92,1100.51,7214.43,Utilities,PO-2026-3645,Standard invoice for utilities
INV-0992,TCS/2026/DJRPVN,Tata Consultancy Services,2026-01-24,2026-02-23,INR,58916.1,10604.9,69521.0,Office Supplies,PO-2026-5148,Standard invoice for office supplies
INV-0026,AC/2026/LXGP37,Acme Pvt Ltd,2026-01-25,2026-02-24,INR,4436.4,798.55,5234.95,Professional Services,PO-2026-6602,Standard invoice for professional services
INV-0378,BD/2026/QTVUTR,Blue Dart Express Ltd,2026-01-25,2026-02-24,INR,5177.89,932.02,6109.91,Logistics,PO-2026-6743,Standard invoice for logistics
INV-0538,LTI/2026/DCRPHU,Larsen and Toubro Infotech,2026-01-25,2026-02-24,INR,4044.09,727.94,4772.03,Logistics,PO-2026-3769,Standard invoice for logistics
INV-0960,LTI/2026/QXQSC8,Larsen and Toubro Infotech,2026-01-25,2026-02-24,INR,127964.98,23033.7,150998.68,Marketing,PO-2026-5652,Standard invoice for marketing
INV-0982,HCL/2026/D4MMGY,Global Unknown Corp,2026-01-25,2026-02-24,INR,4000.0,720.0,4720.0,Raw Materials,PO-2026-4326,Standard invoice for raw materials
INV-0093,PSYS/2026/B7656Q,Persistent Systems Ltd,2026-01-26,2026-02-25,INR,4799.71,863.95,5663.66,Software & Licenses,PO-2026-4578,Standard invoice for software & licenses
INV-0198,TCS/2026/C9GW6Z,Tata Consultancy Services,2026-01-26,2026-02-25,INR,8341.75,1501.51,9843.26,Logistics,PO-2026-5760,Standard invoice for logistics
INV-0299,WIP/2026/MPCN5K,Wipro Enterprises Limited,2026-01-26,2026-02-25,INR,5882.12,1058.78,6940.9,Maintenance,PO-2026-7982,Standard invoice for maintenance
INV-0542,ORCL/2026/QFKWD7,Oracle India Private Limited,2026-01-26,2026-02-25,INR,9319.23,1677.46,10996.69,IT Equipment,PO-2026-4728,Standard invoice for it equipment
INV-0719,ITC/2026/USNRBV,ITC Infotech India Ltd,2026-01-26,2026-02-25,INR,9294.41,1672.99,10967.4,Professional Services,PO-2026-4542,Standard invoice for professional services
INV-0791,AC/2026/LXGP37,Acme Private Limited,2026-01-26,2026-02-25,INR,4409.45,793.7,5203.15,Professional Services,PO-2026-6602,Standard invoice for professional services
INV-0928,GDJ/2026/7AXTX6,Godrej Interio Ltd,2026-01-26,2026-02-25,INR,5050.0,909.0,5146.52,Marketing,PO-2026-8639,Standard invoice for marketing
INV-0929,MSFT/2026/Z58X8Z,Microsoft India Pvt Ltd,2026-01-26,2026-02-25,INR,4700.0,846.0,5057.79,Office Supplies,PO-2026-4373,Standard invoice for office supplies
INV-0074,WIP/2026/Z4CD3V,Wipro Enterprises Limited,2026-01-27,2026-02-26,INR,6352.42,1143.44,7495.86,Travel,PO-2026-5132,Standard invoice for travel
INV-0178,BD/2026/GV4JGK,Blue Dart Express Ltd,2026-01-27,2026-02-26,INR,5121.97,921.95,6043.92,Logistics,PO-2026-2652,Standard invoice for logistics
INV-0838,TCS/2026/ADCSCR,Tata Consultancy Services,2026-01-27,2026-02-26,INR,8550.0,1539.0,,Software & Licenses,PO-2026-8115,Standard invoice for software & licenses
INV-1000,AC/2026/9NPAC7,Acme Pvt Ltd,2026-01-27,2026-02-26,INR,47542.04,8557.57,56099.61,Raw Materials,PO-2026-6237,Standard invoice for raw materials
INV-0045,REL/2026/9BEAKZ,Reliance Retail Limited,2026-01-28,2026-02-27,INR,4973.28,895.19,5868.47,Utilities,PO-2026-7903,Standard invoice for utilities
INV-0340,MMT/2026/MV86U6,MakeMyTrip India Pvt Ltd,2026-01-28,2026-02-27,INR,8094.68,1457.04,9551.72,Raw Materials,PO-2026-8801,Standard invoice for raw materials
INV-0783,REL/2026/9BEAKZ,Reliance Retail Ltd,2026-01-28,2026-02-27,INR,4953.92,891.71,5845.63,Utilities,PO-2026-7903,Standard invoice for utilities
INV-0317,ORCL/2026/JQU935,Oracle India Private Limited,2026-02-13,2026-03-15,INR,8201.49,1476.27,9677.76,Marketing,PO-2026-2827,Standard invoice for marketing
INV-0432,GDJ/2026/DZQDU4,Godrej Interio Ltd,2026-02-13,2026-03-15,INR,5094.98,917.1,6012.08,IT Equipment,PO-2026-5928,Standard invoice for it equipment
INV-0453,BD/2026/TTHDQ6,Blue Dart Express Ltd,2026-02-13,2026-03-15,INR,5125.46,922.58,6048.04,Software & Licenses,PO-2026-5654,Standard invoice for software & licenses
INV-0431,FDX/2026/B8H5HM,FedEx Express Logistics,2026-02-14,2026-03-16,INR,7909.07,1423.63,9332.7,Office Supplies,PO-2026-9868,Standard invoice for office supplies
INV-0678,BD/2026/FXPBKK,Blue Dart Express Ltd,2026-02-14,2026-03-16,INR,4712.36,848.22,5560.58,Logistics,PO-2026-1594,Standard invoice for logistics
INV-0176,AC/2026/CGTTEA,Acme Pvt Ltd,2026-02-15,2026-03-17,INR,4233.78,762.08,4995.86,Professional Services,PO-2026-4817,Standard invoice for professional services
INV-0217,ORCL/2026/R7T22N,Oracle India Private Limited,2026-02-15,2026-03-17,INR,8062.07,1451.17,9513.24,Marketing,PO-2026-6796,Standard invoice for marketing
INV-0397,SIEM/2026/K6AHZ6,Siemens Industry Software,2026-02-15,2026-03-17,INR,5989.44,1078.1,7067.54,Marketing,PO-2026-5927,Standard invoice for marketing
INV-0651,AC/2026/BY3RA6,Acme Pvt Ltd,2026-02-15,2026-03-17,INR,4477.33,805.92,5283.25,Office Supplies,PO-2026-3409,Standard invoice for office supplies
INV-0665,MMT/2026/23S54P,MakeMyTrip India Pvt Ltd,2026-02-15,2026-03-17,INR,8451.55,1521.28,9972.83,Utilities,PO-2026-5501,Standard invoice for utilities
INV-0107,GDJ/2026/GKQTGL,Godrej Interio Ltd,2026-02-16,2026-03-18,INR,5162.55,929.26,6091.81,Marketing,PO-2026-8169,Standard invoice for marketing
INV-0328,BD/2026/J7XCFH,Blue Dart Express Ltd,2026-02-16,2026-03-18,INR,5534.54,996.22,6530.76,Logistics,PO-2026-4839,Standard invoice for logistics
INV-0632,GDJ/2026/Q4XJBW,Godrej Interio Ltd,2026-02-16,2026-03-18,INR,5264.03,947.53,6211.56,IT Equipment,PO-2026-9728,Standard invoice for it equipment
INV-0677,APX/2026/8FZMBX,Apex Solutions Private Limited,2026-02-16,2026-03-18,INR,4687.48,843.75,5531.23,Marketing,PO-2026-3976,Standard invoice for marketing
INV-0828,HCL/2026/SGBE32,,2026-02-16,2026-03-18,INR,4000.0,720.0,4720.0,Software & Licenses,PO-2026-1613,Standard invoice for software & licenses
INV-0044,PWC/2026/46RLGV,PwC India Advisory,2026-02-17,2026-03-19,INR,4889.98,880.2,5770.18,Travel,PO-2026-9383,Standard invoice for travel
INV-0915,MMT/2026/GSUZ9B,MakeMyTrip India Pvt Ltd,2026-02-17,2026-03-19,INR,7850.0,1413.0,10026.76,Professional Services,PO-2026-7717,Standard invoice for professional services
INV-0967,MSFT/2026/GCJU9N,Microsoft India Pvt Ltd,2026-02-17,2026-03-19,INR,157450.19,28341.03,185791.22,Maintenance,PO-2026-6413,Standard invoice for maintenance
INV-0569,PWC/2026/DAAMNG,PwC India Advisory,2026-02-18,2026-03-20,INR,4943.61,889.85,5833.46,Maintenance,PO-2026-7970,Standard invoice for maintenance
INV-0579,CTS/2026/L3Q5YS,Cognizant Technology Solutions,2026-02-18,2026-03-20,INR,7623.59,1372.25,8995.84,Maintenance,PO-2026-6297,Standard invoice for maintenance
INV-0439,LEN/2026/GQQQEJ,Lenovo India Private Limited,2026-02-19,2026-03-21,INR,7697.03,1385.47,9082.5,Maintenance,PO-2026-2072,Standard invoice for maintenance
INV-0454,CTS/2026/SQF3CH,Cognizant Technology Solutions,2026-02-19,2026-03-21,INR,7076.71,1273.81,8350.52,Travel,PO-2026-8256,Standard invoice for travel
INV-0581,FDX/2026/MMH49E,FedEx Express Logistics,2026-02-19,2026-03-21,INR,7958.86,1432.59,9391.45,Office Supplies,PO-2026-5566,Standard invoice for office supplies
INV-0668,PSYS/2026/2LSJP7,Persistent Systems Ltd,2026-02-19,2026-03-21,INR,4628.86,833.19,5462.05,Logistics,PO-2026-3648,Standard invoice for logistics
INV-0692,ORCL/2026/G4PAZE,Oracle India Private Limited,2026-02-19,2026-03-21,INR,7821.54,1407.88,9229.42,IT Equipment,PO-2026-4830,Standard invoice for it equipment
INV-0908,APX/2026/2CE88B,Apex Solutions Private Limited,2026-02-19,2026-03-21,INR,4350.0,783.0,4352.01,Office Supplies,PO-2026-1654,Standard invoice for office supplies
INV-0989,FDX/2026/3LMCJM,FedEx Express Logistics,2026-02-19,2026-03-21,INR,61029.28,10985.27,72014.55,Professional Services,PO-2026-7657,Standard invoice for professional services
INV-0030,DELL/2026/K3AEQA,Dell Technologies Inc,2026-02-20,2026-03-22,INR,7179.79,1292.36,8472.15,Raw Materials,PO-2026-7072,Standard invoice for raw materials
INV-0943,BD/2026/NVZPZH,Blue Dart Express Ltd,2026-02-20,2026-03-22,INR,5050.0,909.0,5377.33,Maintenance,PO-2026-5630,Standard invoice for maintenance
INV-0990,WIP/2026/VW2D4C,Wipro Enterprises Limited,2026-02-20,2026-03-22,INR,44208.14,7957.46,52165.6,Travel,PO-2026-5026,Standard invoice for travel
INV-0193,PSYS/2026/F73EDD,Persistent Systems Ltd,2026-02-21,2026-03-23,INR,4290.93,772.37,5063.3,Software & Licenses,PO-2026-5875,Standard invoice for software & licenses
INV-0248,TCS/2026/GYA86C,Tata Consultancy Services,2026-02-21,2026-03-23,INR,8268.93,1488.41,9757.34,Logistics,PO-2026-6326,Standard invoice for logistics
INV-0279,CTS/2026/WCXD95,Cognizant Technology Solutions,2026-02-21,2026-03-23,INR,7356.9,1324.24,8681.14,Maintenance,PO-2026-4728,Standard invoice for maintenance
INV-0314,LEN/2026/2HAHA7,Lenovo India Private Limited,2026-02-21,2026-03-23,INR,6456.44,1162.16,7618.6,Travel,PO-2026-3823,Standard invoice for travel
INV-0456,FDX/2026/KQYGZU,FedEx Express Logistics,2026-02-21,2026-03-23,INR,8633.54,1554.04,10187.58,Professional Services,PO-2026-3358,Standard invoice for professional services
INV-0690,MMT/2026/FSBR7U,MakeMyTrip India Pvt Ltd,2026-02-21,2026-03-23,INR,7853.18,1413.57,9266.75,Raw Materials,PO-2026-2449,Standard invoice for raw materials
INV-0739,DELL/2026/K3AEQA,Dell Technologies Inc,2026-02-21,2026-03-23,INR,7179.79,1292.36,8472.15,Raw Materials,PO-2026-7072,Standard invoice for raw materials
INV-0874,ITC/2026/W3MUYT,ITC Infotech India Ltd,2026-02-21,2026-03-23,INR,8550.0,1539.0,INVALID_AMOUNT,Raw Materials,PO-2026-5373,Standard invoice for raw materials
INV-0949,LEN/2026/XHXK5Z,Lenovo India Private Limited,2026-02-21,2026-03-23,INR,101445.12,18260.12,119705.24,IT Equipment,PO-2026-5339,Standard invoice for it equipment
INV-0372,SIEM/2026/WSFVKL,Siemens Industry Software,2026-02-22,2026-03-24,INR,6656.95,1198.25,7855.2,IT Equipment,PO-2026-6217,Standard invoice for it equipment
INV-0424,WIP/2026/YL2UPS,Wipro Enterprises Limited,2026-02-22,2026-03-24,INR,6692.72,1204.69,7897.41,Travel,PO-2026-7127,Standard invoice for travel
INV-0064,LEN/2026/TVPRKN,Lenovo India Private Limited,2026-02-24,2026-03-26,INR,7193.48,1294.83,8488.31,Travel,PO-2026-6070,Standard invoice for travel
INV-0070,REL/2026/S98ZHD,Reliance Retail Limited,2026-02-24,2026-03-26,INR,5156.74,928.21,6084.95,Raw Materials,PO-2026-3783,Standard invoice for raw materials
INV-0179,CTS/2026/8B58TX,Cognizant Technology Solutions,2026-02-24,2026-03-26,INR,7102.67,1278.48,8381.15,Maintenance,PO-2026-5448,Standard invoice for maintenance
INV-0234,HP/2026/UR9LYH,HP India Sales Pvt Ltd,2026-02-24,2026-03-26,INR,7113.36,1280.4,8393.76,Travel,PO-2026-8303,Standard invoice for travel
INV-0482,GDJ/2026/WDHEA7,Godrej Interio Ltd,2026-02-24,2026-03-26,INR,5280.32,950.46,6230.78,IT Equipment,PO-2026-2740,Standard invoice for it equipment
INV-0497,SIEM/2026/SZN6VX,Siemens Industry Software,2026-02-24,2026-03-26,INR,6397.71,1151.59,7549.3,Marketing,PO-2026-9615,Standard invoice for marketing
INV-0631,FDX/2026/8KRQ9E,FedEx Express Logistics,2026-02-24,2026-03-26,INR,7967.94,1434.23,9402.17,Office Supplies,PO-2026-2208,Standard invoice for office supplies
INV-0680,DELL/2026/Y2DXFV,Dell Technologies Inc,2026-02-24,2026-03-26,INR,6376.06,1147.69,7523.75,Raw Materials,PO-2026-6962,Standard invoice for raw materials
INV-0774,CTS/2026/WCXD95,Cognizant Technology Solutions Pvt Ltd,2026-02-24,2026-03-26,INR,7311.92,1316.15,8628.07,Maintenance,PO-2026-4728,Standard invoice for maintenance
INV-0837,,Microsoft India Pvt Ltd,2026-02-24,2026-03-26,INR,4700.0,846.0,5546.0,Office Supplies,PO-2026-9067,Standard invoice for office supplies
INV-0852,CTS/2026/8TX5WT,Cognizant Technology Solutions,2026-02-24,2026-03-26,INR,7850.0,1413.0,,Software & Licenses,PO-2026-5416,Standard invoice for software & licenses
INV-0917,KPMG/2026/DRT3CA,KPMG Advisory Services,2026-02-24,2026-03-26,INR,4350.0,783.0,5539.73,Maintenance,PO-2026-6526,Standard invoice for maintenance
INV-0919,INFY/2026/WECD9C,Infosys Limited,2026-02-24,2026-03-26,INR,6800.0,1224.0,6943.27,Maintenance,PO-2026-7199,Standard invoice for maintenance
INV-0090,MMT/2026/GHYVHF,MakeMyTrip India Pvt Ltd,2026-02-25,2026-03-27,INR,7335.85,1320.45,8656.3,Raw Materials,PO-2026-3464,Standard invoice for raw materials
INV-0498,TCS/2026/YGPNCD,Tata Consultancy Services,2026-02-25,2026-03-27,INR,8325.13,1498.52,9823.65,Logistics,PO-2026-4261,Standard invoice for logistics
INV-0640,MMT/2026/QA6HTJ,MakeMyTrip India Pvt Ltd,2026-02-25,2026-03-27,INR,7730.44,1391.48,9121.92,Raw Materials,PO-2026-4386,Standard invoice for raw materials
INV-0022,SIEM/2026/VNUVCW,Siemens Industry Software,2026-02-26,2026-03-28,INR,6378.41,1148.11,7526.52,IT Equipment,PO-2026-8305,Standard invoice for it equipment
INV-0286,ITC/2026/7MPNL8,ITC Infotech India Ltd,2026-02-26,2026-03-28,INR,8063.45,1451.42,9514.87,Professional Services,PO-2026-8456,Standard invoice for professional services
INV-0624,WIP/2026/2225RT,Wipro Enterprises Limited,2026-02-26,2026-03-28,INR,6337.5,1140.75,7478.25,Travel,PO-2026-3032,Standard invoice for travel
INV-0806,REL/2026/S98ZHD,Reliance Retail Ltd,2026-02-26,2026-03-28,INR,5175.16,931.53,6106.69,Raw Materials,PO-2026-3783,Standard invoice for raw materials
INV-0856,AC/2026/V8R58T,,2026-02-26,2026-03-28,INR,4700.0,846.0,5546.0,Raw Materials,PO-2026-2679,Standard invoice for raw materials
INV-0525,ZOHO/2026/QQW3U8,Zoho Corporation Pvt Ltd,2026-02-27,2026-03-29,INR,5450.38,981.07,6431.45,Utilities,PO-2026-4260,Standard invoice for utilities
INV-0528,BD/2026/B3243C,Blue Dart Express Ltd,2026-02-27,2026-03-29,INR,4569.26,822.47,5391.73,Logistics,PO-2026-8177,Standard invoice for logistics
INV-0626,AC/2026/SJWFKJ,Acme Pvt Ltd,2026-02-27,2026-03-29,INR,4761.7,857.11,5618.81,Professional Services,PO-2026-9267,Standard invoice for professional services
INV-0785,HP/2026/UR9LYH,HP India Sales Private Limited,2026-02-27,2026-03-29,INR,7130.83,1283.55,8414.38,Travel,PO-2026-8303,Standard invoice for travel
INV-0869,GDJ/2026/M5EHP6,Godrej Interio Ltd,2026-02-27,2026-03-29,INR,5050.0,909.0,-576.3,IT Equipment,PO-2026-7935,Standard invoice for it equipment
INV-0155,DELL/2026/J3DRR7,Dell Technologies Inc,2026-02-28,2026-03-30,INR,7076.54,1273.78,8350.32,Utilities,PO-2026-1474,Standard invoice for utilities
INV-0484,HP/2026/AUFSH2,HP India Sales Pvt Ltd,2026-02-28,2026-03-30,INR,6745.99,1214.28,7960.27,Travel,PO-2026-2897,Standard invoice for travel
INV-0549,WIP/2026/ZMFPDY,Wipro Enterprises Limited,2026-02-28,2026-03-30,INR,6446.9,1160.44,7607.34,Maintenance,PO-2026-5634,Standard invoice for maintenance
INV-0384,HP/2026/3BXVLF,HP India Sales Pvt Ltd,2026-03-13,2026-04-12,INR,6723.94,1210.31,7934.25,Travel,PO-2026-6099,Standard invoice for travel
INV-0823,GDJ/2026/LJ6KKU,Godrej Interio Ltd,2026-03-13,2026-04-12,INR,5050.0,909.0,,Utilities,PO-2026-8591,Standard invoice for utilities
INV-0115,MMT/2026/SDNLEH,MakeMyTrip India Pvt Ltd,2026-03-14,2026-04-13,INR,8072.48,1453.05,9525.53,Utilities,PO-2026-9635,Standard invoice for utilities
INV-0031,FDX/2026/39DDTW,FedEx Express Logistics,2026-03-15,2026-04-14,INR,8865.48,1595.79,10461.27,Office Supplies,PO-2026-7923,Standard invoice for office supplies
INV-0219,PWC/2026/S6NKZJ,PwC India Advisory,2026-03-15,2026-04-14,INR,4633.5,834.03,5467.53,Maintenance,PO-2026-2484,Standard invoice for maintenance
INV-0320,REL/2026/TLPTBK,Reliance Retail Limited,2026-03-15,2026-04-14,INR,5434.39,978.19,6412.58,Raw Materials,PO-2026-1008,Standard invoice for raw materials
INV-0371,SMSG/2026/JEV2XD,Samsung India Electronics,2026-03-15,2026-04-14,INR,7014.39,1262.59,8276.98,Office Supplies,PO-2026-2173,Standard invoice for office supplies
INV-0380,DELL/2026/MP7CA4,Dell Technologies Inc,2026-03-15,2026-04-14,INR,6447.97,1160.63,7608.6,Raw Materials,PO-2026-5106,Standard invoice for raw materials
INV-0410,INFY/2026/A5VZVM,Infosys Limited,2026-03-15,2026-04-14,INR,6594.4,1186.99,7781.39,Raw Materials,PO-2026-5178,Standard invoice for raw materials
INV-0430,DELL/2026/BM7CKB,Dell Technologies Inc,2026-03-15,2026-04-14,INR,7298.9,1313.8,8612.7,Raw Materials,PO-2026-1333,Standard invoice for raw materials
INV-0540,MMT/2026/BUQNEZ,MakeMyTrip India Pvt Ltd,2026-03-15,2026-04-14,INR,7561.03,1360.99,8922.02,Raw Materials,PO-2026-3004,Standard invoice for raw materials
INV-0561,ITC/2026/BHKTVC,ITC Infotech India Ltd,2026-03-15,2026-04-14,INR,9195.86,1655.25,10851.11,Office Supplies,PO-2026-4637,Standard invoice for office supplies
INV-0686,ITC/2026/W84TSY,ITC Infotech India Ltd,2026-03-15,2026-04-14,INR,9042.55,1627.66,10670.21,Professional Services,PO-2026-3820,Standard invoice for professional services
INV-0229,CTS/2026/X3Q6Z4,Cognizant Technology Solutions,2026-03-16,2026-04-15,INR,8168.69,1470.36,9639.05,Maintenance,PO-2026-9284,Standard invoice for maintenance
INV-0284,HP/2026/7K8V82,HP India Sales Pvt Ltd,2026-03-16,2026-04-15,INR,6499.84,1169.97,7669.81,Travel,PO-2026-9876,Standard invoice for travel
INV-0348,TCS/2026/7EXJJQ,Tata Consultancy Services,2026-03-16,2026-04-15,INR,7793.1,1402.76,9195.86,Logistics,PO-2026-8819,Standard invoice for logistics
INV-0548,TCS/2026/ZQG9Q7,Tata Consultancy Services,2026-03-16,2026-04-15,INR,8296.93,1493.45,9790.38,Logistics,PO-2026-1597,Standard invoice for logistics
INV-0968,FDX/2026/ULYVAL,FedEx Express Logistics,2026-03-16,2026-04-15,INR,305340.94,54961.37,360302.31,Professional Services,PO-2026-8342,Standard invoice for professional services
INV-0084,HP/2026/H2S2NL,HP India Sales Pvt Ltd,2026-03-17,2026-04-16,INR,6791.38,1222.45,8013.83,Travel,PO-2026-4455,Standard invoice for travel
INV-0148,TCS/2026/UWGDBZ,Tata Consultancy Services,2026-03-17,2026-04-16,INR,9004.33,1620.78,10625.11,Logistics,PO-2026-4346,Standard invoice for logistics
INV-0205,DELL/2026/XJXAVA,Dell Technologies Inc,2026-03-17,2026-04-16,INR,6926.89,1246.84,8173.73,Utilities,PO-2026-1167,Standard invoice for utilities
INV-0225,ZOHO/2026/KXC94L,Zoho Corporation Pvt Ltd,2026-03-17,2026-04-16,INR,5372.55,967.06,6339.61,Utilities,PO-2026-2794,Standard invoice for utilities
INV-0230,DELL/2026/NYWD5D,Dell Technologies Inc,2026-03-17,2026-04-16,INR,7261.39,1307.05,8568.44,Raw Materials,PO-2026-3401,Standard invoice for raw materials
INV-0349,WIP/2026/WRDU5F,Wipro Enterprises Limited,2026-03-17,2026-04-16,INR,5925.22,1066.54,6991.76,Maintenance,PO-2026-5515,Standard invoice for maintenance
INV-0571,SMSG/2026/5AALPA,Samsung India Electronics,2026-03-17,2026-04-16,INR,6771.06,1218.79,7989.85,Office Supplies,PO-2026-5818,Standard invoice for office supplies
INV-0938,KPMG/2026/JPGWNQ,KPMG Advisory Services,2026-03-17,2026-04-16,INR,4350.0,783.0,5842.71,Software & Licenses,PO-2026-7041,Standard invoice for software & licenses
INV-0812,TCS/2026/UWGDBZ,Tata Consultancy Services Pvt Ltd,2026-03-18,2026-04-17,INR,9043.94,1627.91,10671.85,Logistics,PO-2026-4346,Standard invoice for logistics
INV-0243,PSYS/2026/P2WTRX,Persistent Systems Ltd,2026-03-19,2026-04-18,INR,5117.01,921.06,6038.07,Software & Licenses,PO-2026-8894,Standard invoice for software & licenses
INV-0310,INFY/2026/FFU2RV,Infosys Limited,2026-03-19,2026-04-18,INR,7167.02,1290.06,8457.08,Raw Materials,PO-2026-7142,Standard invoice for raw materials
INV-0420,REL/2026/CXJGKV,Reliance Retail Limited,2026-03-19,2026-04-18,INR,5820.08,1047.61,6867.69,Raw Materials,PO-2026-9942,Standard invoice for raw materials
INV-0726,HP/2026/H2S2NL,HP India Sales Pvt Ltd,2026-03-19,2026-04-18,INR,6791.38,1222.45,8013.83,Travel,PO-2026-4455,Standard invoice for travel
INV-0798,DELL/2026/XJXAVA,Dell Technologies Technologies Inc,2026-03-19,2026-04-18,INR,6951.29,1251.23,8202.52,Utilities,PO-2026-1167,Standard invoice for utilities
INV-0810,ZOHO/2026/KXC94L,Zoho Corporation Private Limited,2026-03-19,2026-04-18,INR,5387.89,969.82,6357.71,Utilities,PO-2026-2794,Standard invoice for utilities
INV-0914,MSFT/2026/VMMN4G,Microsoft India Pvt Ltd,2026-03-19,2026-04-18,INR,4700.0,846.0,6490.19,Travel,PO-2026-8439,Standard invoice for travel
INV-0925,AC/2026/44QK43,Acme Pvt Ltd,2026-03-19,2026-04-18,INR,4700.0,846.0,4637.82,Software & Licenses,PO-2026-5974,Standard invoice for software & licenses
INV-0952,LEN/2026/VSJSM2,Lenovo India Private Limited,2026-03-19,2026-04-18,INR,197574.59,35563.43,233138.02,Travel,PO-2026-1532,Standard invoice for travel
INV-0963,KPMG/2026/NA9P6N,KPMG Advisory Services,2026-03-19,2026-04-18,INR,211618.78,38091.38,249710.16,Maintenance,PO-2026-5056,Standard invoice for maintenance
INV-0152,APX/2026/EGJYNN,Apex Solutions Private Limited,2026-03-20,2026-04-19,INR,4004.3,720.77,4725.07,IT Equipment,PO-2026-4833,Standard invoice for it equipment
INV-0154,CTS/2026/C5TMD2,Cognizant Technology Solutions,2026-03-20,2026-04-19,INR,8294.79,1493.06,9787.85,Travel,PO-2026-3036,Standard invoice for travel
INV-0222,SIEM/2026/SZMUDY,Siemens Industry Software,2026-03-20,2026-04-19,INR,5936.08,1068.49,7004.57,IT Equipment,PO-2026-8079,Standard invoice for it equipment
INV-0572,SIEM/2026/UPBVLK,Siemens Industry Software,2026-03-20,2026-04-19,INR,6405.66,1153.02,7558.68,IT Equipment,PO-2026-4539,Standard invoice for it equipment
INV-0727,WIP/2026/WRDU5F,Wipro Enterprises Limited,2026-03-20,2026-04-19,INR,5925.22,1066.54,6991.76,Maintenance,PO-2026-5515,Standard invoice for maintenance
INV-0840,GDJ/2026/JR56AN,,2026-03-20,2026-04-19,INR,5050.0,909.0,5959.0,Software & Licenses,PO-2026-6902,Standard invoice for software & licenses
INV-0865,SMSG/2026/R9WXTT,Samsung India Electronics,2026-03-20,2026-04-19,INR,7500.0,1350.0,INVALID_AMOUNT,IT Equipment,PO-2026-2008,Standard invoice for it equipment
INV-0376,AC/2026/LPRN6G,Acme Pvt Ltd,2026-03-21,2026-04-20,INR,4839.15,871.05,5710.2,Professional Services,PO-2026-5128,Standard invoice for professional services
INV-0465,MMT/2026/HMRQGH,MakeMyTrip India Pvt Ltd,2026-03-21,2026-04-20,INR,7796.91,1403.44,9200.35,Utilities,PO-2026-3647,Standard invoice for utilities
INV-0499,WIP/2026/HKHFXK,Wipro Enterprises Limited,2026-03-21,2026-04-20,INR,6723.69,1210.26,7933.95,Maintenance,PO-2026-5809,Standard invoice for maintenance
INV-0621,SMSG/2026/LUWU8Q,Samsung India Electronics,2026-03-21,2026-04-20,INR,7744.11,1393.94,9138.05,Office Supplies,PO-2026-7995,Standard invoice for office supplies
INV-0701,APX/2026/EGJYNN,Apex Solutions Private Limited,2026-03-21,2026-04-20,INR,4004.3,720.77,4725.07,IT Equipment,PO-2026-4833,Standard invoice for it equipment
INV-0760,PSYS/2026/P2WTRX,Persistent Systems Ltd,2026-03-21,2026-04-20,INR,5117.01,921.06,6038.07,Software & Licenses,PO-2026-8894,Standard invoice for software & licenses
INV-0204,CTS/2026/RGPHWM,Cognizant Technology Solutions,2026-03-22,2026-04-21,INR,7982.34,1436.82,9419.16,Travel,PO-2026-6854,Standard invoice for travel
INV-0427,APX/2026/EARPM8,Apex Solutions Private Limited,2026-03-22,2026-04-21,INR,4634.61,834.23,5468.84,Marketing,PO-2026-3241,Standard invoice for marketing
INV-0755,CTS/2026/C5TMD2,Cognizant Technology Solutions,2026-03-22,2026-04-21,INR,8294.79,1493.06,9787.85,Travel,PO-2026-3036,Standard invoice for travel
INV-0048,TCS/2026/V5HZ36,Tata Consultancy Services,2026-03-23,2026-04-22,INR,9218.0,1659.24,10877.24,Logistics,PO-2026-3042,Standard invoice for logistics
INV-0283,HCL/2026/LJFWX8,HCL Technologies Limited,2026-03-23,2026-04-22,INR,4341.69,781.5,5123.19,Software & Licenses,PO-2026-9221,Standard invoice for software & licenses
INV-0446,SMSG/2026/GPC4NW,Samsung India Electronics,2026-03-23,2026-04-22,INR,7119.7,1281.55,8401.25,Professional Services,PO-2026-2347,Standard invoice for professional services
INV-0587,KPMG/2026/RSP7BH,KPMG Advisory Services,2026-03-23,2026-04-22,INR,3988.62,717.95,4706.57,Marketing,PO-2026-1765,Standard invoice for marketing
INV-0757,CTS/2026/C5TMD2,Cognizant Technology Solutions,2026-03-23,2026-04-22,INR,8294.79,1493.06,9787.85,Travel,PO-2026-3036,Standard invoice for travel
INV-0057,GDJ/2026/J7Z24N,Godrej Interio Ltd,2026-03-24,2026-04-23,INR,5319.94,957.59,6277.53,Marketing,PO-2026-7770,Standard invoice for marketing
INV-0300,ZOHO/2026/U44NUY,Zoho Corporation Pvt Ltd,2026-03-24,2026-04-23,INR,5129.7,923.35,6053.05,Raw Materials,PO-2026-7000,Standard invoice for raw materials
INV-0672,SIEM/2026/2FQ4A5,Siemens Industry Software,2026-03-24,2026-04-23,INR,6191.5,1114.47,7305.97,IT Equipment,PO-2026-3423,Standard invoice for it equipment
INV-0805,HCL/2026/LJFWX8,HCL Technologies Ltd,2026-03-24,2026-04-23,INR,4308.3,775.49,5083.79,Software & Licenses,PO-2026-9221,Standard invoice for software & licenses
INV-0177,APX/2026/LE39PB,Apex Solutions Private Limited,2026-03-25,2026-04-24,INR,4399.91,791.98,5191.89,Marketing,PO-2026-3481,Standard invoice for marketing
INV-0252,APX/2026/C394PL,Apex Solutions Private Limited,2026-03-25,2026-04-24,INR,3928.01,707.04,4635.05,IT Equipment,PO-2026-3179,Standard invoice for it equipment
INV-0747,TCS/2026/V5HZ36,Tata Consultancy Services,2026-03-25,2026-04-24,INR,9218.0,1659.24,10877.24,Logistics,PO-2026-3042,Standard invoice for logistics
INV-0957,MMT/2026/U35EGU,MakeMyTrip India Pvt Ltd,2026-03-25,2026-04-24,INR,284444.52,51200.01,335644.53,Utilities,PO-2026-7014,Standard invoice for utilities
INV-0105,DELL/2026/PSW24N,Dell Technologies Inc,2026-03-26,2026-04-25,INR,6967.32,1254.12,8221.44,Utilities,PO-2026-9273,Standard invoice for utilities
INV-0444,PWC/2026/7V8UTA,PwC India Advisory,2026-03-26,2026-04-25,INR,4320.13,777.62,5097.75,Travel,PO-2026-2943,Standard invoice for travel
INV-0623,TCS/2026/CLLG97,Tata Consultancy Services,2026-03-26,2026-04-25,INR,8286.89,1491.64,9778.53,Software & Licenses,PO-2026-9377,Standard invoice for software & licenses
INV-0650,ZOHO/2026/L5GP65,Zoho Corporation Pvt Ltd,2026-03-26,2026-04-25,INR,5106.77,919.22,6025.99,Raw Materials,PO-2026-7107,Standard invoice for raw materials
INV-0745,DELL/2026/PSW24N,Dell Technologies Inc,2026-03-26,2026-04-25,INR,6967.32,1254.12,8221.44,Utilities,PO-2026-9273,Standard invoice for utilities
INV-0942,DELL/2026/EAD5LU,Dell Technologies Inc,2026-03-26,2026-04-25,INR,6800.0,1224.0,6989.35,Raw Materials,PO-2026-4603,Standard invoice for raw materials
INV-0102,APX/2026/GZL8UZ,Apex Solutions Private Limited,2026-03-27,2026-04-26,INR,4634.39,834.19,5468.58,IT Equipment,PO-2026-5028,Standard invoice for it equipment
INV-0309,HP/2026/9HHVE8,HP India Sales Pvt Ltd,2026-03-27,2026-04-26,INR,7325.94,1318.67,8644.61,Maintenance,PO-2026-7939,Standard invoice for maintenance
INV-0381,FDX/2026/WZ2PQQ,FedEx Express Logistics,2026-03-27,2026-04-26,INR,8559.72,1540.75,10100.47,Office Supplies,PO-2026-6729,Standard invoice for office supplies
INV-0487,KPMG/2026/VPHKY6,KPMG Advisory Services,2026-03-27,2026-04-26,INR,4187.96,753.83,4941.79,Marketing,PO-2026-9293,Standard invoice for marketing
INV-0268,PSYS/2026/FAKBJV,Persistent Systems Ltd,2026-03-28,2026-04-27,INR,4465.71,803.83,5269.54,Logistics,PO-2026-1703,Standard invoice for logistics
INV-0735,PSYS/2026/FAKBJV,Persistent Systems Ltd,2026-03-28,2026-04-27,INR,4465.71,803.83,5269.54,Logistics,PO-2026-1703,Standard invoice for logistics
INV-0955,KPMG/2026/YC7637,KPMG Advisory Services,2026-03-28,2026-04-27,INR,257008.57,46261.54,303270.11,Software & Licenses,PO-2026-9172,Standard invoice for software & licenses
INV-0979,DELL/2026/5GETC8,Global Unknown Corp,2026-03-28,2026-04-27,INR,6800.0,1224.0,8024.0,Professional Services,PO-2026-4127,Standard invoice for professional services
INV-0046,SMSG/2026/ZDSJGS,Samsung India Electronics,2026-04-13,2026-05-13,INR,7313.6,1316.45,8630.05,Professional Services,PO-2026-1447,Standard invoice for professional services
INV-0298,TCS/2026/KVCUZU,Tata Consultancy Services,2026-04-13,2026-05-13,INR,9131.21,1643.62,10774.83,Logistics,PO-2026-5237,Standard invoice for logistics
INV-0699,WIP/2026/9TE2AX,Wipro Enterprises Limited,2026-04-13,2026-05-13,INR,5882.06,1058.77,6940.83,Maintenance,PO-2026-4653,Standard invoice for maintenance
INV-0986,HCL/2026/N89U85,HCL Technologies Limited,2026-04-13,2026-05-13,INR,4000.0,720.0,4720.0,Entertainment,PO-2026-3645,Standard invoice for maintenance
INV-0103,BD/2026/CEDXYF,Blue Dart Express Ltd,2026-04-14,2026-05-14,INR,5390.29,970.25,6360.54,Software & Licenses,PO-2026-8061,Standard invoice for software & licenses
INV-0188,LTI/2026/LFM9EW,Larsen and Toubro Infotech,2026-04-14,2026-05-14,INR,4099.69,737.94,4837.63,Logistics,PO-2026-2183,Standard invoice for logistics
INV-0321,SMSG/2026/D53Y2Q,Samsung India Electronics,2026-04-14,2026-05-14,INR,7623.59,1372.25,8995.84,Office Supplies,PO-2026-5021,Standard invoice for office supplies
INV-0583,HCL/2026/YQ8W6G,HCL Technologies Limited,2026-04-14,2026-05-14,INR,3833.79,690.08,4523.87,Software & Licenses,PO-2026-2211,Standard invoice for software & licenses
INV-0824,ZOHO/2026/25KA57,,2026-04-14,2026-05-14,INR,5050.0,909.0,5959.0,IT Equipment,PO-2026-7280,Standard invoice for it equipment
INV-0235,INFY/2026/UJC4NY,Infosys Limited,2026-04-15,2026-05-15,INR,6880.96,1238.57,8119.53,Utilities,PO-2026-9465,Standard invoice for utilities
INV-0369,PWC/2026/RGU2RA,PwC India Advisory,2026-04-15,2026-05-15,INR,4307.78,775.4,5083.18,Maintenance,PO-2026-8906,Standard invoice for maintenance
INV-0391,MSFT/2026/UKAXLR,Microsoft India Pvt Ltd,2026-04-15,2026-05-15,INR,4483.77,807.08,5290.85,Office Supplies,PO-2026-5805,Standard invoice for office supplies
INV-0611,ITC/2026/VDHYUP,ITC Infotech India Ltd,2026-04-15,2026-05-15,INR,7858.22,1414.48,9272.7,Office Supplies,PO-2026-3807,Standard invoice for office supplies
INV-0800,SMSG/2026/D53Y2Q,Samsung India Electronics Pvt Ltd,2026-04-15,2026-05-15,INR,7647.09,1376.48,9023.57,Office Supplies,PO-2026-5021,Standard invoice for office supplies
INV-0817,MSFT/2026/HEA6S5,,2026-04-15,2026-05-15,INR,4700.0,846.0,5546.0,IT Equipment,PO-2026-5633,Standard invoice for it equipment
INV-0859,DELL/2026/FEZ8Y5,Dell Technologies Inc,2026-04-15,2026-05-15,INR,6800.0,1224.0,,Office Supplies,PO-2026-7486,Standard invoice for office supplies
INV-0215,MMT/2026/5D5E9S,MakeMyTrip India Pvt Ltd,2026-04-16,2026-05-16,INR,7714.0,1388.52,9102.52,Utilities,PO-2026-1872,Standard invoice for utilities
INV-0080,DELL/2026/MMNNGU,Dell Technologies Inc,2026-04-17,2026-05-17,INR,7257.47,1306.34,8563.81,Raw Materials,PO-2026-2936,Standard invoice for raw materials
INV-0123,TCS/2026/HKLC64,Tata Consultancy Services,2026-04-17,2026-05-17,INR,8304.61,1494.83,9799.44,Software & Licenses,PO-2026-9319,Standard invoice for software & licenses
INV-0173,TCS/2026/CQ5WHZ,Tata Consultancy Services,2026-04-17,2026-05-17,INR,9372.47,1687.04,11059.51,Software & Licenses,PO-2026-5831,Standard invoice for software & licenses
INV-0257,GDJ/2026/BTEXCC,Godrej Interio Ltd,2026-04-17,2026-05-17,INR,4968.29,894.29,5862.58,Marketing,PO-2026-9084,Standard invoice for marketing
INV-0564,LEN/2026/G98A5W,Lenovo India Private Limited,2026-04-17,2026-05-17,INR,6599.03,1187.83,7786.86,Travel,PO-2026-6624,Standard invoice for travel
INV-0565,MMT/2026/HRDY99,MakeMyTrip India Pvt Ltd,2026-04-17,2026-05-17,INR,7184.98,1293.3,8478.28,Utilities,PO-2026-1451,Standard invoice for utilities
INV-0696,SMSG/2026/BK63U6,Samsung India Electronics,2026-04-17,2026-05-17,INR,8097.94,1457.63,9555.57,Professional Services,PO-2026-8437,Standard invoice for professional services
INV-0864,SMSG/2026/JNX4FQ,Samsung India Electronics,2026-04-17,2026-05-17,INR,7500.0,1350.0,INVALID_AMOUNT,Utilities,PO-2026-7206,Standard invoice for utilities
INV-0059,HP/2026/6BJ8KG,HP India Sales Pvt Ltd,2026-04-18,2026-05-18,INR,6844.99,1232.1,8077.09,Maintenance,PO-2026-7748,Standard invoice for maintenance
INV-0359,HP/2026/FRKP28,HP India Sales Pvt Ltd,2026-04-18,2026-05-18,INR,7410.3,1333.85,8744.15,Maintenance,PO-2026-1393,Standard invoice for maintenance
INV-0570,REL/2026/E7ABAU,Reliance Retail Limited,2026-04-18,2026-05-18,INR,5761.31,1037.04,6798.35,Raw Materials,PO-2026-4155,Standard invoice for raw materials
INV-0687,KPMG/2026/7AFEYP,KPMG Advisory Services,2026-04-18,2026-05-18,INR,4245.77,764.24,5010.01,Marketing,PO-2026-8854,Standard invoice for marketing
INV-0694,PWC/2026/MEYRY7,PwC India Advisory,2026-04-18,2026-05-18,INR,5102.99,918.54,6021.53,Travel,PO-2026-7923,Standard invoice for travel
INV-0194,PWC/2026/5YJ3QT,PwC India Advisory,2026-04-19,2026-05-19,INR,4689.72,844.15,5533.87,Travel,PO-2026-4606,Standard invoice for travel
INV-0355,DELL/2026/UDHEWK,Dell Technologies Inc,2026-04-19,2026-05-19,INR,7110.77,1279.94,8390.71,Utilities,PO-2026-2257,Standard invoice for utilities
INV-0725,MMT/2026/5D5E9S,MakeMyTrip India Pvt Ltd,2026-04-19,2026-05-19,INR,7714.0,1388.52,9102.52,Utilities,PO-2026-1872,Standard invoice for utilities
INV-0786,TCS/2026/HKLC64,Tata Consultancy Services Pvt Ltd,2026-04-19,2026-05-19,INR,8338.9,1501.0,9839.9,Software & Licenses,PO-2026-9319,Standard invoice for software & licenses
INV-0120,REL/2026/NBYSHK,Reliance Retail Limited,2026-04-20,2026-05-20,INR,5810.13,1045.82,6855.95,Raw Materials,PO-2026-4504,Standard invoice for raw materials
INV-0344,PWC/2026/YWWRSA,PwC India Advisory,2026-04-20,2026-05-20,INR,4983.23,896.98,5880.21,Travel,PO-2026-9321,Standard invoice for travel
INV-0350,ZOHO/2026/Y57MWM,Zoho Corporation Pvt Ltd,2026-04-20,2026-05-20,INR,5416.71,975.01,6391.72,Raw Materials,PO-2026-8902,Standard invoice for raw materials
INV-0674,WIP/2026/7FE4AS,Wipro Enterprises Limited,2026-04-20,2026-05-20,INR,6452.3,1161.41,7613.71,Travel,PO-2026-3724,Standard invoice for travel
INV-0092,ORCL/2026/2C5NGE,Oracle India Private Limited,2026-04-21,2026-05-21,INR,9041.93,1627.55,10669.48,IT Equipment,PO-2026-9022,Standard invoice for it equipment
INV-0139,LEN/2026/Z22RWS,Lenovo India Private Limited,2026-04-21,2026-05-21,INR,6789.84,1222.17,8012.01,Maintenance,PO-2026-8745,Standard invoice for maintenance
INV-0175,ZOHO/2026/PE6JUJ,Zoho Corporation Pvt Ltd,2026-04-21,2026-05-21,INR,4870.36,876.66,5747.02,Utilities,PO-2026-4420,Standard invoice for utilities
INV-0287,KPMG/2026/737CPR,KPMG Advisory Services,2026-04-21,2026-05-21,INR,4425.05,796.51,5221.56,Marketing,PO-2026-8950,Standard invoice for marketing
INV-0368,PSYS/2026/RDCY83,Persistent Systems Ltd,2026-04-21,2026-05-21,INR,4517.16,813.09,5330.25,Logistics,PO-2026-8298,Standard invoice for logistics
INV-0647,SIEM/2026/CAV6TS,Siemens Industry Software,2026-04-21,2026-05-21,INR,6181.28,1112.63,7293.91,Marketing,PO-2026-1203,Standard invoice for marketing
INV-0826,,Persistent Systems Ltd,2026-04-21,2026-05-21,INR,4700.0,846.0,5546.0,Travel,PO-2026-5612,Standard invoice for travel
INV-0622,SIEM/2026/9LPYAV,Siemens Industry Software,2026-04-22,2026-05-22,INR,6602.23,1188.4,7790.63,IT Equipment,PO-2026-1022,Standard invoice for it equipment
INV-0649,WIP/2026/2WXF8A,Wipro Enterprises Limited,2026-04-22,2026-05-22,INR,5960.16,1072.83,7032.99,Maintenance,PO-2026-2013,Standard invoice for maintenance
INV-0706,ZOHO/2026/Y57MWM,Zoho Corporation Pvt Ltd,2026-04-22,2026-05-22,INR,5416.71,975.01,6391.72,Raw Materials,PO-2026-8902,Standard invoice for raw materials
INV-0746,LEN/2026/Z22RWS,Lenovo India Private Limited,2026-04-22,2026-05-22,INR,6789.84,1222.17,8012.01,Maintenance,PO-2026-8745,Standard invoice for maintenance
INV-0971,APX/2026/PKDL82,Apex Solutions Private Limited,2026-04-22,2026-05-22,INR,296514.97,53372.69,349887.66,Travel,PO-2026-7959,Standard invoice for travel
INV-0034,HP/2026/7ZEQW7,HP India Sales Pvt Ltd,2026-04-23,2026-05-23,INR,6750.64,1215.12,7965.76,Travel,PO-2026-7819,Standard invoice for travel
INV-0091,MSFT/2026/2KT4RJ,Microsoft India Pvt Ltd,2026-04-23,2026-05-23,INR,4850.64,873.12,5723.76,Office Supplies,PO-2026-3322,Standard invoice for office supplies
INV-0149,WIP/2026/Z7ALNC,Wipro Enterprises Limited,2026-04-23,2026-05-23,INR,6135.59,1104.41,7240.0,Maintenance,PO-2026-9508,Standard invoice for maintenance
INV-0478,BD/2026/A9JN2L,Blue Dart Express Ltd,2026-04-23,2026-05-23,INR,4614.14,830.55,5444.69,Logistics,PO-2026-6171,Standard invoice for logistics
INV-0533,HCL/2026/S5RM9H,HCL Technologies Limited,2026-04-23,2026-05-23,INR,3838.46,690.92,4529.38,Software & Licenses,PO-2026-3716,Standard invoice for software & licenses
INV-0566,MSFT/2026/SB6SQ5,Microsoft India Pvt Ltd,2026-04-23,2026-05-23,INR,4943.97,889.91,5833.88,Professional Services,PO-2026-4908,Standard invoice for professional services
INV-0069,PWC/2026/DQXQJU,PwC India Advisory,2026-04-24,2026-05-24,INR,4961.29,893.03,5854.32,Maintenance,PO-2026-2314,Standard invoice for maintenance
INV-0182,GDJ/2026/YJ7AUH,Godrej Interio Ltd,2026-04-24,2026-05-24,INR,5056.23,910.12,5966.35,IT Equipment,PO-2026-4712,Standard invoice for it equipment
INV-0224,WIP/2026/2BCJJ3,Wipro Enterprises Limited,2026-04-24,2026-05-24,INR,6323.96,1138.31,7462.27,Travel,PO-2026-7589,Standard invoice for travel
INV-0480,DELL/2026/JNHVPX,Dell Technologies Inc,2026-04-24,2026-05-24,INR,6869.49,1236.51,8106.0,Raw Materials,PO-2026-4204,Standard invoice for raw materials
INV-0841,CTS/2026/8WHRK2,Cognizant Technology Solutions,2026-04-24,2026-05-24,INR,7850.0,1413.0,,IT Equipment,PO-2026-9609,Standard invoice for it equipment
INV-0009,HP/2026/RXGS92,HP India Sales Pvt Ltd,2026-04-25,2026-05-25,INR,6278.45,1130.12,7408.57,Maintenance,PO-2026-2947,Standard invoice for maintenance
INV-0296,SMSG/2026/K2QR6Q,Samsung India Electronics,2026-04-25,2026-05-25,INR,8079.16,1454.25,9533.41,Professional Services,PO-2026-4468,Standard invoice for professional services
INV-0316,MSFT/2026/62VXYS,Microsoft India Pvt Ltd,2026-04-25,2026-05-25,INR,4570.52,822.69,5393.21,Professional Services,PO-2026-6393,Standard invoice for professional services
INV-0771,WIP/2026/2BCJJ3,Wipro Enterprises Ltd,2026-04-25,2026-05-25,INR,6303.17,1134.57,7437.74,Travel,PO-2026-7589,Standard invoice for travel
INV-0970,SMSG/2026/U9WKPT,Samsung India Electronics,2026-04-25,2026-05-25,INR,286178.53,51512.13,337690.66,Utilities,PO-2026-4345,Standard invoice for utilities
INV-0975,INFY/2026/7GW72Q,Titan Enterprise Solutions Ltd,2026-04-25,2026-05-25,INR,6800.0,1224.0,8024.0,Travel,PO-2026-8606,Standard invoice for travel
INV-0116,MSFT/2026/BXE8VR,Microsoft India Pvt Ltd,2026-04-26,2026-05-26,INR,4936.61,888.59,5825.2,Professional Services,PO-2026-4607,Standard invoice for professional services
INV-0335,INFY/2026/QPCSC4,Infosys Limited,2026-04-26,2026-05-26,INR,6323.48,1138.23,7461.71,Utilities,PO-2026-5661,Standard invoice for utilities
INV-0364,LEN/2026/YVV2V6,Lenovo India Private Limited,2026-04-26,2026-05-26,INR,6772.99,1219.14,7992.13,Travel,PO-2026-3980,Standard invoice for travel
INV-0697,SIEM/2026/ZNJ75M,Siemens Industry Software,2026-04-26,2026-05-26,INR,6144.69,1106.04,7250.73,Marketing,PO-2026-2066,Standard invoice for marketing
INV-0713,MSFT/2026/62VXYS,Microsoft India Pvt Ltd,2026-04-26,2026-05-26,INR,4570.52,822.69,5393.21,Professional Services,PO-2026-6393,Standard invoice for professional services
INV-0881,REL/2026/7JAC2G,Reliance Retail Limited,2026-04-26,2026-05-26,INR,5400.0,972.0,INVALID_AMOUNT,IT Equipment,PO-2026-7158,Standard invoice for it equipment
INV-0114,LEN/2026/57VW2F,Lenovo India Private Limited,2026-04-27,2026-05-27,INR,6482.28,1166.81,7649.09,Travel,PO-2026-5313,Standard invoice for travel
INV-0292,ORCL/2026/YEBRAC,Oracle India Private Limited,2026-04-27,2026-05-27,INR,8753.6,1575.65,10329.25,IT Equipment,PO-2026-9988,Standard invoice for it equipment
INV-0467,ORCL/2026/P9R9VV,Oracle India Private Limited,2026-04-27,2026-05-27,INR,8368.06,1506.25,9874.31,Marketing,PO-2026-7234,Standard invoice for marketing
INV-0743,WIP/2026/2BCJJ3,Wipro Enterprises Limited,2026-04-27,2026-05-27,INR,6323.96,1138.31,7462.27,Travel,PO-2026-7589,Standard invoice for travel
INV-0872,PWC/2026/5EWRHC,PwC India Advisory,2026-04-27,2026-05-27,INR,4700.0,846.0,INVALID_AMOUNT,IT Equipment,PO-2026-4450,Standard invoice for it equipment
INV-0980,ZOHO/2026/RTEYS4,Zoho Corporation Pvt Ltd,2026-04-27,2026-05-27,INR,5050.0,909.0,5959.0,Personal Expense,PO-2026-4578,Standard invoice for travel
INV-0097,SIEM/2026/GGX3QB,Siemens Industry Software,2026-04-28,2026-05-28,INR,5682.21,1022.8,6705.01,Marketing,PO-2026-7081,Standard invoice for marketing
INV-0167,ORCL/2026/K5SXBV,Oracle India Private Limited,2026-04-28,2026-05-28,INR,7786.39,1401.55,9187.94,Marketing,PO-2026-2049,Standard invoice for marketing
INV-0353,BD/2026/93KQS3,Blue Dart Express Ltd,2026-04-28,2026-05-28,INR,5483.73,987.07,6470.8,Software & Licenses,PO-2026-4370,Standard invoice for software & licenses
INV-0471,SMSG/2026/7XHMRD,Samsung India Electronics,2026-04-28,2026-05-28,INR,7086.32,1275.54,8361.86,Office Supplies,PO-2026-1332,Standard invoice for office supplies
INV-0509,HP/2026/8Q9TAU,HP India Sales Pvt Ltd,2026-04-28,2026-05-28,INR,6558.77,1180.58,7739.35,Maintenance,PO-2026-5304,Standard invoice for maintenance
INV-0552,APX/2026/KYWAGV,Apex Solutions Private Limited,2026-04-28,2026-05-28,INR,4506.58,811.18,5317.76,IT Equipment,PO-2026-2557,Standard invoice for it equipment
INV-0921,KPMG/2026/7QYMEL,KPMG Advisory Services,2026-04-28,2026-05-28,INR,4350.0,783.0,5747.89,Logistics,PO-2026-1088,Standard invoice for logistics
INV-0133,HCL/2026/6BC27L,HCL Technologies Limited,2026-05-14,2026-06-13,INR,4013.39,722.41,4735.8,Software & Licenses,PO-2026-9944,Standard invoice for software & licenses
INV-0516,MSFT/2026/VRSPFG,Microsoft India Pvt Ltd,2026-05-14,2026-06-13,INR,5023.17,904.17,5927.34,Professional Services,PO-2026-4720,Standard invoice for professional services
INV-0612,KPMG/2026/VXJQL9,KPMG Advisory Services,2026-05-14,2026-06-13,INR,4507.3,811.31,5318.61,IT Equipment,PO-2026-6539,Standard invoice for it equipment
INV-0873,HCL/2026/XJGP2Z,HCL Technologies Limited,2026-05-14,2026-06-13,INR,4000.0,720.0,-4664.55,Raw Materials,PO-2026-1296,Standard invoice for raw materials
INV-0267,ORCL/2026/FZGAH3,Oracle India Private Limited,2026-05-15,2026-06-14,INR,8490.31,1528.26,10018.57,Marketing,PO-2026-7678,Standard invoice for marketing
INV-0385,INFY/2026/2F48GN,Infosys Limited,2026-05-15,2026-06-14,INR,7122.1,1281.98,8404.08,Utilities,PO-2026-2992,Standard invoice for utilities
INV-0442,ORCL/2026/QB3UPE,Oracle India Private Limited,2026-05-15,2026-06-14,INR,7929.73,1427.35,9357.08,IT Equipment,PO-2026-7559,Standard invoice for it equipment
INV-0501,AC/2026/QAUNM9,Acme Pvt Ltd,2026-05-15,2026-06-14,INR,4977.28,895.91,5873.19,Office Supplies,PO-2026-7434,Standard invoice for office supplies
INV-0523,TCS/2026/4ZNHQF,Tata Consultancy Services,2026-05-15,2026-06-14,INR,9354.31,1683.78,11038.09,Software & Licenses,PO-2026-4670,Standard invoice for software & licenses
INV-0545,REL/2026/XTSJ8N,Reliance Retail Limited,2026-05-15,2026-06-14,INR,5134.47,924.2,6058.67,Utilities,PO-2026-5675,Standard invoice for utilities
INV-0689,LEN/2026/EFKE5M,Lenovo India Private Limited,2026-05-15,2026-06-14,INR,7556.87,1360.24,8917.11,Maintenance,PO-2026-1659,Standard invoice for maintenance
INV-0223,TCS/2026/VMKVUL,Tata Consultancy Services,2026-05-16,2026-06-15,INR,8577.69,1543.98,10121.67,Software & Licenses,PO-2026-8463,Standard invoice for software & licenses
INV-0393,PSYS/2026/QSAD3T,Persistent Systems Ltd,2026-05-16,2026-06-15,INR,4553.13,819.56,5372.69,Software & Licenses,PO-2026-3305,Standard invoice for software & licenses
INV-0396,SMSG/2026/EAU6J6,Samsung India Electronics,2026-05-16,2026-06-15,INR,7853.11,1413.56,9266.67,Professional Services,PO-2026-9663,Standard invoice for professional services
INV-0469,PWC/2026/DS5793,PwC India Advisory,2026-05-16,2026-06-15,INR,5023.12,904.16,5927.28,Maintenance,PO-2026-8326,Standard invoice for maintenance
INV-0637,KPMG/2026/B9CG8U,KPMG Advisory Services,2026-05-16,2026-06-15,INR,4734.43,852.2,5586.63,Marketing,PO-2026-7316,Standard invoice for marketing
INV-0666,MSFT/2026/VP49BW,Microsoft India Pvt Ltd,2026-05-16,2026-06-15,INR,4875.54,877.6,5753.14,Professional Services,PO-2026-5562,Standard invoice for professional services
INV-0732,ORCL/2026/FZGAH3,Oracle India Private Limited,2026-05-16,2026-06-15,INR,8490.31,1528.26,10018.57,Marketing,PO-2026-7678,Standard invoice for marketing
INV-0951,ZOHO/2026/TVV79X,Zoho Corporation Pvt Ltd,2026-05-16,2026-06-15,INR,206971.72,37254.91,244226.63,Office Supplies,PO-2026-9563,Standard invoice for office supplies
INV-0577,APX/2026/MLBNA8,Apex Solutions Private Limited,2026-05-17,2026-06-16,INR,3968.63,714.35,4682.98,Marketing,PO-2026-9010,Standard invoice for marketing
INV-0695,REL/2026/GXRVVP,Reliance Retail Limited,2026-05-17,2026-06-16,INR,4886.72,879.61,5766.33,Utilities,PO-2026-2893,Standard invoice for utilities
INV-0728,TCS/2026/VMKVUL,Tata Consultancy Services,2026-05-17,2026-06-16,INR,8577.69,1543.98,10121.67,Software & Licenses,PO-2026-8463,Standard invoice for software & licenses
INV-0063,LTI/2026/CV2B7F,Larsen and Toubro Infotech,2026-05-18,2026-06-17,INR,4659.43,838.7,5498.13,Software & Licenses,PO-2026-8789,Standard invoice for software & licenses
INV-0443,PSYS/2026/SWDDCC,Persistent Systems Ltd,2026-05-18,2026-06-17,INR,5002.37,900.43,5902.8,Software & Licenses,PO-2026-9139,Standard invoice for software & licenses
INV-0460,INFY/2026/TCXYP9,Infosys Limited,2026-05-18,2026-06-17,INR,6652.64,1197.48,7850.12,Raw Materials,PO-2026-9196,Standard invoice for raw materials
INV-0514,LEN/2026/28NN2A,Lenovo India Private Limited,2026-05-18,2026-06-17,INR,6823.22,1228.18,8051.4,Travel,PO-2026-1992,Standard invoice for travel
INV-0847,BD/2026/5BRRKF,,2026-05-18,2026-06-17,INR,5050.0,909.0,5959.0,Office Supplies,PO-2026-3730,Standard invoice for office supplies
INV-0124,WIP/2026/UBA6KR,Wipro Enterprises Limited,2026-05-19,2026-06-18,INR,6066.47,1091.96,7158.43,Travel,PO-2026-3579,Standard invoice for travel
INV-0438,LTI/2026/A5X3R7,Larsen and Toubro Infotech,2026-05-19,2026-06-18,INR,4190.85,754.35,4945.2,Logistics,PO-2026-5942,Standard invoice for logistics
INV-0959,KPMG/2026/NRHW7D,KPMG Advisory Services,2026-05-19,2026-06-18,INR,209189.12,37654.04,246843.16,Travel,PO-2026-7256,Standard invoice for travel
INV-0119,PWC/2026/V2KUCD,PwC India Advisory,2026-05-20,2026-06-19,INR,4702.48,846.45,5548.93,Maintenance,PO-2026-6483,Standard invoice for maintenance
INV-0135,INFY/2026/HQ233H,Infosys Limited,2026-05-20,2026-06-19,INR,7279.58,1310.32,8589.9,Utilities,PO-2026-1753,Standard invoice for utilities
INV-0221,SMSG/2026/TNHDML,Samsung India Electronics,2026-05-20,2026-06-19,INR,7529.81,1355.37,8885.18,Office Supplies,PO-2026-7309,Standard invoice for office supplies
INV-0253,BD/2026/2JUSLX,Blue Dart Express Ltd,2026-05-20,2026-06-19,INR,5485.32,987.36,6472.68,Software & Licenses,PO-2026-8685,Standard invoice for software & licenses
INV-0281,FDX/2026/235U8W,FedEx Express Logistics,2026-05-20,2026-06-19,INR,8352.45,1503.44,9855.89,Office Supplies,PO-2026-9662,Standard invoice for office supplies
INV-0850,REL/2026/672QPZ,,2026-05-20,2026-06-19,INR,5400.0,972.0,6372.0,Office Supplies,PO-2026-7031,Standard invoice for office supplies
INV-0024,WIP/2026/CA8D2X,Wipro Enterprises Limited,2026-05-21,2026-06-20,INR,6961.38,1253.05,8214.43,Travel,PO-2026-7661,Standard invoice for travel
INV-0530,DELL/2026/QCETUJ,Dell Technologies Inc,2026-05-21,2026-06-20,INR,6382.1,1148.78,7530.88,Raw Materials,PO-2026-5836,Standard invoice for raw materials
INV-0615,MMT/2026/X2GMJ8,MakeMyTrip India Pvt Ltd,2026-05-21,2026-06-20,INR,7771.41,1398.85,9170.26,Utilities,PO-2026-6636,Standard invoice for utilities
INV-0270,REL/2026/8RXV6X,Reliance Retail Limited,2026-05-22,2026-06-21,INR,5686.44,1023.56,6710.0,Raw Materials,PO-2026-5699,Standard invoice for raw materials
INV-0276,AC/2026/LXS7WY,Acme Pvt Ltd,2026-05-22,2026-06-21,INR,5149.96,926.99,6076.95,Professional Services,PO-2026-3537,Standard invoice for professional services
INV-0675,ZOHO/2026/DWYHJA,Zoho Corporation Pvt Ltd,2026-05-22,2026-06-21,INR,4925.22,886.54,5811.76,Utilities,PO-2026-9735,Standard invoice for utilities
INV-0753,PWC/2026/V2KUCD,PwC India Advisory,2026-05-22,2026-06-21,INR,4702.48,846.45,5548.93,Maintenance,PO-2026-6483,Standard invoice for maintenance
INV-0721,WIP/2026/CA8D2X,Wipro Enterprises Limited,2026-05-23,2026-06-22,INR,6961.38,1253.05,8214.43,Travel,PO-2026-7661,Standard invoice for travel
INV-0809,REL/2026/8RXV6X,Reliance Retail Ltd,2026-05-23,2026-06-22,INR,5701.58,1026.29,6727.87,Raw Materials,PO-2026-5699,Standard invoice for raw materials
INV-0933,LEN/2026/R8MYJ8,Lenovo India Private Limited,2026-05-23,2026-06-22,INR,7150.0,1287.0,7171.55,Logistics,PO-2026-8975,Standard invoice for logistics
INV-0237,KPMG/2026/E9MFRR,KPMG Advisory Services,2026-05-24,2026-06-23,INR,4616.0,830.88,5446.88,Marketing,PO-2026-6655,Standard invoice for marketing
INV-0261,ITC/2026/GEX6Z8,ITC Infotech India Ltd,2026-05-24,2026-06-23,INR,8331.66,1499.7,9831.36,Office Supplies,PO-2026-5249,Standard invoice for office supplies
INV-0613,LTI/2026/GEJ8N6,Larsen and Toubro Infotech,2026-05-24,2026-06-23,INR,4054.05,729.73,4783.78,Software & Licenses,PO-2026-4970,Standard invoice for software & licenses
INV-0764,REL/2026/8RXV6X,Reliance Retail Limited,2026-05-24,2026-06-23,INR,5686.44,1023.56,6710.0,Raw Materials,PO-2026-5699,Standard invoice for raw materials
INV-0867,MMT/2026/364F9B,MakeMyTrip India Pvt Ltd,2026-05-24,2026-06-23,INR,7850.0,1413.0,0.0,Maintenance,PO-2026-9134,Standard invoice for maintenance
INV-0312,KPMG/2026/X8ALU2,KPMG Advisory Services,2026-05-25,2026-06-24,INR,3969.51,714.51,4684.02,IT Equipment,PO-2026-8037,Standard invoice for it equipment
INV-0329,CTS/2026/XWNYRB,Cognizant Technology Solutions,2026-05-25,2026-06-24,INR,7256.57,1306.18,8562.75,Maintenance,PO-2026-7512,Standard invoice for maintenance
INV-0580,DELL/2026/UGRX7R,Dell Technologies Inc,2026-05-25,2026-06-24,INR,7055.74,1270.03,8325.77,Raw Materials,PO-2026-8805,Standard invoice for raw materials
INV-0610,INFY/2026/LQCAFM,Infosys Limited,2026-05-25,2026-06-24,INR,6274.09,1129.34,7403.43,Raw Materials,PO-2026-2407,Standard invoice for raw materials
INV-0937,APX/2026/ZQ92A8,Apex Solutions Private Limited,2026-05-25,2026-06-24,INR,4350.0,783.0,4334.73,Logistics,PO-2026-2391,Standard invoice for logistics
INV-0127,APX/2026/48JP6L,Apex Solutions Private Limited,2026-05-26,2026-06-25,INR,3983.72,717.07,4700.79,Marketing,PO-2026-1219,Standard invoice for marketing
INV-0297,SIEM/2026/CHHVV9,Siemens Industry Software,2026-05-26,2026-06-25,INR,5749.5,1034.91,6784.41,Marketing,PO-2026-7665,Standard invoice for marketing
INV-0500,ZOHO/2026/P96Y47,Zoho Corporation Pvt Ltd,2026-05-26,2026-06-25,INR,4715.22,848.74,5563.96,Raw Materials,PO-2026-2365,Standard invoice for raw materials
INV-0512,KPMG/2026/WD6QX4,KPMG Advisory Services,2026-05-26,2026-06-25,INR,4117.56,741.16,4858.72,IT Equipment,PO-2026-3804,Standard invoice for it equipment
INV-0966,APX/2026/V44LWD,Apex Solutions Private Limited,2026-05-26,2026-06-25,INR,122736.08,22092.49,144828.57,IT Equipment,PO-2026-2400,Standard invoice for it equipment
INV-0076,AC/2026/MD6CCU,Acme Pvt Ltd,2026-05-27,2026-06-26,INR,4510.94,811.97,5322.91,Professional Services,PO-2026-3017,Standard invoice for professional services
INV-0290,MMT/2026/8GJ6TA,MakeMyTrip India Pvt Ltd,2026-05-27,2026-06-26,INR,8428.43,1517.12,9945.55,Raw Materials,PO-2026-7813,Standard invoice for raw materials
INV-0524,WIP/2026/7UCZW4,Wipro Enterprises Limited,2026-05-27,2026-06-26,INR,7064.88,1271.68,8336.56,Travel,PO-2026-2581,Standard invoice for travel
INV-0567,ORCL/2026/SH3BAM,Oracle India Private Limited,2026-05-27,2026-06-26,INR,8748.55,1574.74,10323.29,Marketing,PO-2026-3323,Standard invoice for marketing
INV-0025,ZOHO/2026/MEVS2L,Zoho Corporation Pvt Ltd,2026-05-28,2026-06-27,INR,5445.64,980.22,6425.86,Utilities,PO-2026-8560,Standard invoice for utilities
INV-0275,ZOHO/2026/J6SPT8,Zoho Corporation Pvt Ltd,2026-05-28,2026-06-27,INR,4697.99,845.64,5543.63,Utilities,PO-2026-8928,Standard invoice for utilities
INV-0455,DELL/2026/XFYUX3,Dell Technologies Inc,2026-05-28,2026-06-27,INR,6952.93,1251.53,8204.46,Utilities,PO-2026-9339,Standard invoice for utilities
INV-0609,HP/2026/XBNW6T,HP India Sales Pvt Ltd,2026-05-28,2026-06-27,INR,7222.76,1300.1,8522.86,Maintenance,PO-2026-2564,Standard invoice for maintenance
INV-0023,TCS/2026/NZUQ4C,Tata Consultancy Services,2026-06-13,2026-07-13,INR,8225.5,1480.59,9706.09,Software & Licenses,PO-2026-5143,Standard invoice for software & licenses
INV-0055,DELL/2026/FQZNGF,Dell Technologies Inc,2026-06-13,2026-07-13,INR,6560.23,1180.84,7741.07,Utilities,PO-2026-8845,Standard invoice for utilities
INV-0106,FDX/2026/ZVL3H9,FedEx Express Logistics,2026-06-13,2026-07-13,INR,8140.82,1465.35,9606.17,Professional Services,PO-2026-5319,Standard invoice for professional services
INV-0216,MSFT/2026/AE4ZYF,Microsoft India Pvt Ltd,2026-06-13,2026-07-13,INR,4610.66,829.92,5440.58,Professional Services,PO-2026-8156,Standard invoice for professional services
INV-0463,LTI/2026/5MK3V9,Larsen and Toubro Infotech,2026-06-13,2026-07-13,INR,4604.31,828.78,5433.09,Software & Licenses,PO-2026-1312,Standard invoice for software & licenses
INV-0546,SMSG/2026/KQWEJQ,Samsung India Electronics,2026-06-13,2026-07-13,INR,7385.2,1329.34,8714.54,Professional Services,PO-2026-6604,Standard invoice for professional services
INV-0081,FDX/2026/UF26KA,FedEx Express Logistics,2026-06-14,2026-07-14,INR,8625.5,1552.59,10178.09,Office Supplies,PO-2026-7382,Standard invoice for office supplies
INV-0141,MSFT/2026/8E2VEZ,Microsoft India Pvt Ltd,2026-06-14,2026-07-14,INR,4233.14,761.97,4995.11,Office Supplies,PO-2026-1737,Standard invoice for office supplies
INV-0388,LTI/2026/Q4XG65,Larsen and Toubro Infotech,2026-06-14,2026-07-14,INR,3959.05,712.63,4671.68,Logistics,PO-2026-7959,Standard invoice for logistics
INV-0452,APX/2026/HDE3K6,Apex Solutions Private Limited,2026-06-14,2026-07-14,INR,4504.99,810.9,5315.89,IT Equipment,PO-2026-7650,Standard invoice for it equipment
INV-0597,SIEM/2026/3XZGSA,Siemens Industry Software,2026-06-14,2026-07-14,INR,6502.21,1170.4,7672.61,Marketing,PO-2026-7975,Standard invoice for marketing
INV-0698,TCS/2026/AMWG4A,Tata Consultancy Services,2026-06-14,2026-07-14,INR,8017.41,1443.13,9460.54,Logistics,PO-2026-4025,Standard invoice for logistics
INV-0737,FDX/2026/ZVL3H9,FedEx Express Logistics,2026-06-14,2026-07-14,INR,8140.82,1465.35,9606.17,Professional Services,PO-2026-5319,Standard invoice for professional services
INV-0082,GDJ/2026/U8W3CT,Godrej Interio Ltd,2026-06-15,2026-07-15,INR,4882.87,878.92,5761.79,IT Equipment,PO-2026-1159,Standard invoice for it equipment
INV-0101,AC/2026/EW7Z82,Acme Pvt Ltd,2026-06-15,2026-07-15,INR,4471.06,804.79,5275.85,Office Supplies,PO-2026-7588,Standard invoice for office supplies
INV-0156,FDX/2026/H7G2MY,FedEx Express Logistics,2026-06-15,2026-07-15,INR,8965.15,1613.73,10578.88,Professional Services,PO-2026-4689,Standard invoice for professional services
INV-0246,SMSG/2026/XEPE69,Samsung India Electronics,2026-06-15,2026-07-15,INR,7405.16,1332.93,8738.09,Professional Services,PO-2026-1623,Standard invoice for professional services
INV-0527,APX/2026/XQGJMZ,Apex Solutions Private Limited,2026-06-15,2026-07-15,INR,4193.93,754.91,4948.84,Marketing,PO-2026-6430,Standard invoice for marketing
INV-0738,MSFT/2026/8E2VEZ,Microsoft India Pvt Ltd,2026-06-15,2026-07-15,INR,4233.14,761.97,4995.11,Office Supplies,PO-2026-1737,Standard invoice for office supplies
INV-0801,TCS/2026/NZUQ4C,Tata Consultancy Services Pvt Ltd,2026-06-15,2026-07-15,INR,8208.02,1477.44,9685.46,Software & Licenses,PO-2026-5143,Standard invoice for software & licenses
INV-0939,KPMG/2026/VA9VEB,KPMG Advisory Services,2026-06-15,2026-07-15,INR,4350.0,783.0,6024.82,Raw Materials,PO-2026-9116,Standard invoice for raw materials
INV-0947,GDJ/2026/GMF4YT,Godrej Interio Ltd,2026-06-15,2026-07-15,INR,5050.0,909.0,5240.25,Logistics,PO-2026-2389,Standard invoice for logistics
INV-0965,SMSG/2026/PMMPSD,Samsung India Electronics,2026-06-15,2026-07-15,INR,254823.3,45868.19,300691.49,Logistics,PO-2026-6760,Standard invoice for logistics
INV-0212,KPMG/2026/A586AM,KPMG Advisory Services,2026-06-16,2026-07-16,INR,4590.32,826.26,5416.58,IT Equipment,PO-2026-8994,Standard invoice for it equipment
INV-0214,LEN/2026/2HPBGQ,Lenovo India Private Limited,2026-06-16,2026-07-16,INR,7091.91,1276.54,8368.45,Travel,PO-2026-6338,Standard invoice for travel
INV-0399,WIP/2026/UNQ3ET,Wipro Enterprises Limited,2026-06-16,2026-07-16,INR,6039.87,1087.18,7127.05,Maintenance,PO-2026-3496,Standard invoice for maintenance
INV-0408,HCL/2026/NYN8EQ,HCL Technologies Limited,2026-06-16,2026-07-16,INR,3725.04,670.51,4395.55,Logistics,PO-2026-2371,Standard invoice for logistics
INV-0729,DELL/2026/FQZNGF,Dell Technologies Inc,2026-06-16,2026-07-16,INR,6560.23,1180.84,7741.07,Utilities,PO-2026-8845,Standard invoice for utilities
INV-0818,MSFT/2026/MDV73K,Microsoft India Pvt Ltd,2026-06-16,2026-07-16,INR,4700.0,846.0,,Software & Licenses,PO-2026-6367,Standard invoice for software & licenses
INV-0150,ZOHO/2026/6XKVRG,Zoho Corporation Pvt Ltd,2026-06-17,2026-07-17,INR,4577.09,823.88,5400.97,Raw Materials,PO-2026-2519,Standard invoice for raw materials
INV-0218,PSYS/2026/TXP6G9,Persistent Systems Ltd,2026-06-17,2026-07-17,INR,4763.84,857.49,5621.33,Logistics,PO-2026-2481,Standard invoice for logistics
INV-0226,AC/2026/3WB2BV,Acme Pvt Ltd,2026-06-17,2026-07-17,INR,5101.68,918.3,6019.98,Professional Services,PO-2026-3077,Standard invoice for professional services
INV-0440,MMT/2026/7JVCX8,MakeMyTrip India Pvt Ltd,2026-06-17,2026-07-17,INR,7936.49,1428.57,9365.06,Raw Materials,PO-2026-7210,Standard invoice for raw materials
INV-0507,GDJ/2026/A4N4DP,Godrej Interio Ltd,2026-06-17,2026-07-17,INR,5263.53,947.44,6210.97,Marketing,PO-2026-8274,Standard invoice for marketing
INV-0679,CTS/2026/GMLG2A,Cognizant Technology Solutions,2026-06-17,2026-07-17,INR,8419.04,1515.43,9934.47,Maintenance,PO-2026-9794,Standard invoice for maintenance
INV-0749,LEN/2026/2HPBGQ,Lenovo India Private Limited,2026-06-17,2026-07-17,INR,7091.91,1276.54,8368.45,Travel,PO-2026-6338,Standard invoice for travel
INV-0983,ZOHO/2026/PQSH7S,Zenith Global Services,2026-06-17,2026-07-17,INR,5050.0,909.0,5959.0,Professional Services,PO-2026-9423,Standard invoice for professional services
INV-0075,ZOHO/2026/J3MW9L,Zoho Corporation Pvt Ltd,2026-06-18,2026-07-18,INR,4976.93,895.85,5872.78,Utilities,PO-2026-8476,Standard invoice for utilities
INV-0264,LEN/2026/CHCK27,Lenovo India Private Limited,2026-06-18,2026-07-18,INR,6664.28,1199.57,7863.85,Travel,PO-2026-3251,Standard invoice for travel
INV-0047,SIEM/2026/PSFGWW,Siemens Industry Software,2026-06-19,2026-07-19,INR,6528.53,1175.14,7703.67,Marketing,PO-2026-2514,Standard invoice for marketing
INV-0051,AC/2026/X78DS2,Acme Pvt Ltd,2026-06-19,2026-07-19,INR,4984.67,897.24,5881.91,Office Supplies,PO-2026-8390,Standard invoice for office supplies
INV-0445,REL/2026/ZECFGM,Reliance Retail Limited,2026-06-19,2026-07-19,INR,5366.96,966.05,6333.01,Utilities,PO-2026-9286,Standard invoice for utilities
INV-0560,INFY/2026/7SS385,Infosys Limited,2026-06-19,2026-07-19,INR,7473.04,1345.15,8818.19,Raw Materials,PO-2026-7780,Standard invoice for raw materials
INV-0691,MSFT/2026/RWY698,Microsoft India Pvt Ltd,2026-06-19,2026-07-19,INR,4412.44,794.24,5206.68,Office Supplies,PO-2026-4195,Standard invoice for office supplies
INV-0693,PSYS/2026/3ULLMR,Persistent Systems Ltd,2026-06-19,2026-07-19,INR,4420.65,795.72,5216.37,Software & Licenses,PO-2026-6104,Standard invoice for software & licenses
INV-0256,FDX/2026/ZGBHCX,FedEx Express Logistics,2026-06-20,2026-07-20,INR,8450.15,1521.03,9971.18,Professional Services,PO-2026-6339,Standard invoice for professional services
INV-0360,INFY/2026/VLZ63B,Infosys Limited,2026-06-20,2026-07-20,INR,6310.31,1135.86,7446.17,Raw Materials,PO-2026-7915,Standard invoice for raw materials
INV-0526,AC/2026/6MAVV8,Acme Pvt Ltd,2026-06-20,2026-07-20,INR,4388.41,789.91,5178.32,Professional Services,PO-2026-9521,Standard invoice for professional services
INV-0072,SIEM/2026/BBJPVD,Siemens Industry Software,2026-06-21,2026-07-21,INR,5578.44,1004.12,6582.56,IT Equipment,PO-2026-9616,Standard invoice for it equipment
INV-0180,DELL/2026/TCQ6CM,Dell Technologies Inc,2026-06-21,2026-07-21,INR,7221.75,1299.91,8521.66,Raw Materials,PO-2026-9797,Standard invoice for raw materials
INV-0263,LTI/2026/FDSTU2,Larsen and Toubro Infotech,2026-06-21,2026-07-21,INR,4739.0,853.02,5592.02,Software & Licenses,PO-2026-4100,Standard invoice for software & licenses
INV-0365,MMT/2026/973DJQ,MakeMyTrip India Pvt Ltd,2026-06-21,2026-07-21,INR,8320.59,1497.71,9818.3,Utilities,PO-2026-6033,Standard invoice for utilities
INV-0416,MSFT/2026/KLSPYL,Microsoft India Pvt Ltd,2026-06-21,2026-07-21,INR,4885.82,879.45,5765.27,Professional Services,PO-2026-1368,Standard invoice for professional services
INV-0495,REL/2026/8QG2W5,Reliance Retail Limited,2026-06-21,2026-07-21,INR,5135.98,924.48,6060.46,Utilities,PO-2026-8885,Standard invoice for utilities
INV-0782,ZOHO/2026/J3MW9L,Zoho Corporation Private Limited,2026-06-21,2026-07-21,INR,4991.78,898.52,5890.3,Utilities,PO-2026-8476,Standard invoice for utilities
INV-0911,SMSG/2026/9RPT4P,Samsung India Electronics,2026-06-21,2026-07-21,INR,7500.0,1350.0,7779.43,Raw Materials,PO-2026-5248,Standard invoice for raw materials
INV-0944,PSYS/2026/VN29RW,Persistent Systems Ltd,2026-06-21,2026-07-21,INR,4700.0,846.0,5825.86,Office Supplies,PO-2026-8572,Standard invoice for office supplies
INV-0096,SMSG/2026/VS6YCZ,Samsung India Electronics,2026-06-22,2026-07-22,INR,6778.55,1220.14,7998.69,Professional Services,PO-2026-7649,Standard invoice for professional services
INV-0213,LTI/2026/D9UCHX,Larsen and Toubro Infotech,2026-06-22,2026-07-22,INR,4170.76,750.74,4921.5,Software & Licenses,PO-2026-8843,Standard invoice for software & licenses
INV-0390,MMT/2026/ZLHCBP,MakeMyTrip India Pvt Ltd,2026-06-22,2026-07-22,INR,7692.83,1384.71,9077.54,Raw Materials,PO-2026-2003,Standard invoice for raw materials
INV-0506,FDX/2026/7RTXFP,FedEx Express Logistics,2026-06-22,2026-07-22,INR,8334.78,1500.26,9835.04,Professional Services,PO-2026-7043,Standard invoice for professional services
INV-0648,TCS/2026/7VZQ62,Tata Consultancy Services,2026-06-22,2026-07-22,INR,7866.25,1415.92,9282.17,Logistics,PO-2026-5385,Standard invoice for logistics
INV-0934,BD/2026/P477A3,Blue Dart Express Ltd,2026-06-22,2026-07-22,INR,5050.0,909.0,5547.88,Logistics,PO-2026-6743,Standard invoice for logistics
INV-0163,LTI/2026/9AT52C,Larsen and Toubro Infotech,2026-06-23,2026-07-23,INR,4144.74,746.05,4890.79,Software & Licenses,PO-2026-7951,Standard invoice for software & licenses
INV-0322,SIEM/2026/FQ6XGQ,Siemens Industry Software,2026-06-23,2026-07-23,INR,6697.43,1205.54,7902.97,IT Equipment,PO-2026-9214,Standard invoice for it equipment
INV-0559,HP/2026/BJCXCZ,HP India Sales Pvt Ltd,2026-06-23,2026-07-23,INR,6321.4,1137.85,7459.25,Maintenance,PO-2026-3724,Standard invoice for maintenance
INV-0734,SIEM/2026/FQ6XGQ,Siemens Industry Software,2026-06-23,2026-07-23,INR,6697.43,1205.54,7902.97,IT Equipment,PO-2026-9214,Standard invoice for it equipment
INV-0825,,Oracle India Private Limited,2026-06-23,2026-07-23,INR,8550.0,1539.0,10089.0,Raw Materials,PO-2026-9121,Standard invoice for raw materials
INV-0940,PSYS/2026/LMJJFD,Persistent Systems Ltd,2026-06-23,2026-07-23,INR,4700.0,846.0,6195.72,Marketing,PO-2026-6480,Standard invoice for marketing
INV-0595,REL/2026/S8TY4D,Reliance Retail Limited,2026-06-24,2026-07-24,INR,5280.97,950.57,6231.54,Utilities,PO-2026-6204,Standard invoice for utilities
INV-0682,GDJ/2026/8Q8LST,Godrej Interio Ltd,2026-06-24,2026-07-24,INR,5396.73,971.41,6368.14,IT Equipment,PO-2026-6873,Standard invoice for it equipment
INV-0638,LTI/2026/AJUQKN,Larsen and Toubro Infotech,2026-06-25,2026-07-25,INR,4665.76,839.84,5505.6,Logistics,PO-2026-7713,Standard invoice for logistics
INV-0984,INFY/2026/GLQSGG,Infosys Limited,2026-06-25,2026-07-25,INR,6800.0,1224.0,8024.0,Personal Expense,PO-2026-1837,Standard invoice for utilities
INV-0370,REL/2026/ZTHQRL,Reliance Retail Limited,2026-06-26,2026-07-26,INR,5333.39,960.01,6293.4,Raw Materials,PO-2026-2759,Standard invoice for raw materials
INV-0373,TCS/2026/2WR2XF,Tata Consultancy Services,2026-06-26,2026-07-26,INR,9073.0,1633.14,10706.14,Software & Licenses,PO-2026-1860,Standard invoice for software & licenses
INV-0489,LEN/2026/QWL4PT,Lenovo India Private Limited,2026-06-26,2026-07-26,INR,6955.74,1252.03,8207.77,Maintenance,PO-2026-9154,Standard invoice for maintenance
INV-0303,BD/2026/K3PEVQ,Blue Dart Express Ltd,2026-06-27,2026-07-27,INR,5120.14,921.63,6041.77,Software & Licenses,PO-2026-1760,Standard invoice for software & licenses
INV-0318,PSYS/2026/NWBQSM,Persistent Systems Ltd,2026-06-27,2026-07-27,INR,4880.21,878.44,5758.65,Logistics,PO-2026-4246,Standard invoice for logistics
INV-0165,MMT/2026/VRUMKZ,MakeMyTrip India Pvt Ltd,2026-06-28,2026-07-28,INR,7437.14,1338.69,8775.83,Utilities,PO-2026-3303,Standard invoice for utilities
INV-0172,SIEM/2026/GMT3N6,Siemens Industry Software,2026-06-28,2026-07-28,INR,5698.9,1025.8,6724.7,IT Equipment,PO-2026-5211,Standard invoice for it equipment
INV-0596,SMSG/2026/JKHYCD,Samsung India Electronics,2026-06-28,2026-07-28,INR,8234.79,1482.26,9717.05,Professional Services,PO-2026-2724,Standard invoice for professional services
INV-0604,CTS/2026/DKN3Z9,Cognizant Technology Solutions,2026-06-28,2026-07-28,INR,8226.04,1480.69,9706.73,Travel,PO-2026-4786,Standard invoice for travel
INV-0790,BD/2026/K3PEVQ,Blue Dart Express Limited,2026-06-28,2026-07-28,INR,5156.33,928.14,6084.47,Software & Licenses,PO-2026-1760,Standard invoice for software & licenses
INV-0860,HCL/2026/2933KW,HCL Technologies Limited,2026-06-28,2026-07-28,INR,4000.0,720.0,,Raw Materials,PO-2026-3368,Standard invoice for raw materials
INV-0875,ITC/2026/2FP4GB,ITC Infotech India Ltd,2026-06-28,2026-07-28,INR,8550.0,1539.0,INVALID_AMOUNT,Utilities,PO-2026-6921,Standard invoice for utilities
INV-0190,MMT/2026/YQXPNH,MakeMyTrip India Pvt Ltd,2026-07-14,2026-08-13,INR,7873.91,1417.3,9291.21,Raw Materials,PO-2026-4244,Standard invoice for raw materials
INV-0395,REL/2026/TUS45B,Reliance Retail Limited,2026-07-14,2026-08-13,INR,5507.22,991.3,6498.52,Utilities,PO-2026-2391,Standard invoice for utilities
INV-0464,LEN/2026/VL8VJT,Lenovo India Private Limited,2026-07-14,2026-08-13,INR,7749.74,1394.95,9144.69,Travel,PO-2026-7968,Standard invoice for travel
INV-0537,KPMG/2026/UFECPK,KPMG Advisory Services,2026-07-14,2026-08-13,INR,4263.02,767.34,5030.36,Marketing,PO-2026-5253,Standard invoice for marketing
INV-0016,MSFT/2026/FZCHT5,Microsoft India Pvt Ltd,2026-07-15,2026-08-14,INR,4493.41,808.81,5302.22,Professional Services,PO-2026-2150,Standard invoice for professional services
INV-0251,AC/2026/KK9PEF,Acme Pvt Ltd,2026-07-15,2026-08-14,INR,4230.64,761.52,4992.16,Office Supplies,PO-2026-4913,Standard invoice for office supplies
INV-0882,PSYS/2026/LEAKQR,Persistent Systems Ltd,2026-07-15,2026-08-14,INR,4700.0,846.0,0.0,Office Supplies,PO-2026-6306,Standard invoice for office supplies
INV-0117,ORCL/2026/R945PP,Oracle India Private Limited,2026-07-16,2026-08-15,INR,9242.97,1663.73,10906.7,Marketing,PO-2026-6262,Standard invoice for marketing
INV-0662,KPMG/2026/GL9RQB,KPMG Advisory Services,2026-07-16,2026-08-15,INR,4059.53,730.72,4790.25,IT Equipment,PO-2026-4205,Standard invoice for it equipment
INV-0170,REL/2026/ENXHFA,Reliance Retail Limited,2026-07-17,2026-08-16,INR,5149.46,926.9,6076.36,Raw Materials,PO-2026-1309,Standard invoice for raw materials
INV-0409,HP/2026/974E84,HP India Sales Pvt Ltd,2026-07-17,2026-08-16,INR,7040.29,1267.25,8307.54,Maintenance,PO-2026-5561,Standard invoice for maintenance
INV-0417,ORCL/2026/MP6823,Oracle India Private Limited,2026-07-17,2026-08-16,INR,9176.7,1651.81,10828.51,Marketing,PO-2026-8694,Standard invoice for marketing
INV-0618,PSYS/2026/7SJAGT,Persistent Systems Ltd,2026-07-17,2026-08-16,INR,4665.19,839.73,5504.92,Logistics,PO-2026-7828,Standard invoice for logistics
INV-0144,PWC/2026/NWBLY5,PwC India Advisory,2026-07-18,2026-08-17,INR,4664.84,839.67,5504.51,Travel,PO-2026-9296,Standard invoice for travel
INV-0330,DELL/2026/JDMVTN,Dell Technologies Inc,2026-07-18,2026-08-17,INR,6397.35,1151.52,7548.87,Raw Materials,PO-2026-5457,Standard invoice for raw materials
INV-0418,PSYS/2026/ZBEZ49,Persistent Systems Ltd,2026-07-18,2026-08-17,INR,5006.41,901.15,5907.56,Logistics,PO-2026-8074,Standard invoice for logistics
INV-0491,MSFT/2026/WE8MWS,Microsoft India Pvt Ltd,2026-07-18,2026-08-17,INR,5077.38,913.93,5991.31,Office Supplies,PO-2026-5889,Standard invoice for office supplies
INV-0553,BD/2026/RDY9CV,Blue Dart Express Ltd,2026-07-18,2026-08-17,INR,5055.46,909.98,5965.44,Software & Licenses,PO-2026-7071,Standard invoice for software & licenses
INV-0931,LTI/2026/UTQTLF,Larsen and Toubro Infotech,2026-07-18,2026-08-17,INR,4350.0,783.0,4275.21,Office Supplies,PO-2026-8979,Standard invoice for office supplies
INV-0143,PSYS/2026/D5PCHK,Persistent Systems Ltd,2026-07-19,2026-08-18,INR,4267.29,768.11,5035.4,Software & Licenses,PO-2026-2651,Standard invoice for software & licenses
INV-0379,CTS/2026/RXQY5R,Cognizant Technology Solutions,2026-07-19,2026-08-18,INR,8079.01,1454.22,9533.23,Maintenance,PO-2026-1294,Standard invoice for maintenance
INV-0736,PSYS/2026/D5PCHK,Persistent Systems Ltd,2026-07-19,2026-08-18,INR,4267.29,768.11,5035.4,Software & Licenses,PO-2026-2651,Standard invoice for software & licenses
INV-0363,LTI/2026/4RWMMF,Larsen and Toubro Infotech,2026-07-20,2026-08-19,INR,4026.91,724.84,4751.75,Software & Licenses,PO-2026-9793,Standard invoice for software & licenses
INV-0461,ITC/2026/VKAE3F,ITC Infotech India Ltd,2026-07-20,2026-08-19,INR,9399.5,1691.91,11091.41,Office Supplies,PO-2026-5343,Standard invoice for office supplies
INV-0470,REL/2026/AFABLR,Reliance Retail Limited,2026-07-20,2026-08-19,INR,5498.03,989.65,6487.68,Raw Materials,PO-2026-1737,Standard invoice for raw materials
INV-0573,TCS/2026/DEL2C8,Tata Consultancy Services,2026-07-20,2026-08-19,INR,8597.89,1547.62,10145.51,Software & Licenses,PO-2026-2774,Standard invoice for software & licenses
INV-0576,AC/2026/ZRC7YA,Acme Pvt Ltd,2026-07-20,2026-08-19,INR,4394.62,791.03,5185.65,Professional Services,PO-2026-5505,Standard invoice for professional services
INV-0808,PWC/2026/NWBLY5,PwC India Advisory Pvt Ltd,2026-07-20,2026-08-19,INR,4654.33,837.78,5492.11,Travel,PO-2026-9296,Standard invoice for travel
INV-0946,REL/2026/7BXB5E,Reliance Retail Limited,2026-07-20,2026-08-19,INR,5400.0,972.0,5509.56,Travel,PO-2026-4725,Standard invoice for travel
INV-0985,TCS/2026/3M44N7,Apex Offshore Holdings,2026-07-20,2026-08-19,INR,8550.0,1539.0,10089.0,Software & Licenses,PO-2026-5530,Standard invoice for software & licenses
INV-0997,ORCL/2026/XZYBM4,Oracle India Private Limited,2026-07-20,2026-08-19,INR,64291.24,11572.42,75863.66,Utilities,PO-2026-4585,Standard invoice for utilities
INV-0078,BD/2026/EMZMDY,Blue Dart Express Ltd,2026-07-21,2026-08-20,INR,4987.37,897.73,5885.1,Logistics,PO-2026-5149,Standard invoice for logistics
INV-0645,REL/2026/K6WYUG,Reliance Retail Limited,2026-07-21,2026-08-20,INR,5878.36,1058.1,6936.46,Utilities,PO-2026-4317,Standard invoice for utilities
INV-0848,,Cognizant Technology Solutions,2026-07-21,2026-08-20,INR,7850.0,1413.0,9263.0,Maintenance,PO-2026-9787,Standard invoice for maintenance
INV-0857,,Blue Dart Express Ltd,2026-07-21,2026-08-20,INR,5050.0,909.0,5959.0,IT Equipment,PO-2026-6296,Standard invoice for it equipment
INV-0981,LEN/2026/DTD66J,Global Unknown Corp,2026-07-21,2026-08-20,INR,7150.0,1287.0,8437.0,Raw Materials,PO-2026-8082,Standard invoice for raw materials
INV-0308,HCL/2026/L6GRLQ,HCL Technologies Limited,2026-07-22,2026-08-21,INR,4087.43,735.74,4823.17,Logistics,PO-2026-7114,Standard invoice for logistics
INV-0855,LEN/2026/HFVZHZ,Lenovo India Private Limited,2026-07-22,2026-08-21,INR,7150.0,1287.0,,Marketing,PO-2026-5600,Standard invoice for marketing
INV-0186,ITC/2026/42AFCU,ITC Infotech India Ltd,2026-07-23,2026-08-22,INR,8430.48,1517.49,9947.97,Professional Services,PO-2026-2821,Standard invoice for professional services
INV-0232,GDJ/2026/YN2DZF,Godrej Interio Ltd,2026-07-23,2026-08-22,INR,4749.15,854.85,5604.0,IT Equipment,PO-2026-7155,Standard invoice for it equipment
INV-0301,AC/2026/JYTT9E,Acme Pvt Ltd,2026-07-23,2026-08-22,INR,4991.16,898.41,5889.57,Office Supplies,PO-2026-1079,Standard invoice for office supplies
INV-0513,LTI/2026/4YZV99,Larsen and Toubro Infotech,2026-07-23,2026-08-22,INR,4553.57,819.64,5373.21,Software & Licenses,PO-2026-1163,Standard invoice for software & licenses
INV-0807,BD/2026/EMZMDY,Blue Dart Express Limited,2026-07-23,2026-08-22,INR,4955.58,892.0,5847.58,Logistics,PO-2026-5149,Standard invoice for logistics
INV-0200,ZOHO/2026/FUBJJM,Zoho Corporation Pvt Ltd,2026-07-24,2026-08-23,INR,4855.31,873.96,5729.27,Raw Materials,PO-2026-5798,Standard invoice for raw materials
INV-0352,APX/2026/JVSSBE,Apex Solutions Private Limited,2026-07-24,2026-08-23,INR,4508.37,811.51,5319.88,IT Equipment,PO-2026-7020,Standard invoice for it equipment
INV-0382,GDJ/2026/869YES,Godrej Interio Ltd,2026-07-24,2026-08-23,INR,5482.88,986.92,6469.8,IT Equipment,PO-2026-3095,Standard invoice for it equipment
INV-0591,MSFT/2026/U55JN9,Microsoft India Pvt Ltd,2026-07-24,2026-08-23,INR,4822.17,867.99,5690.16,Office Supplies,PO-2026-4231,Standard invoice for office supplies
INV-0661,ITC/2026/435L6U,ITC Infotech India Ltd,2026-07-24,2026-08-23,INR,8558.99,1540.62,10099.61,Office Supplies,PO-2026-2551,Standard invoice for office supplies
INV-0781,ITC/2026/42AFCU,ITC Infotech India Limited,2026-07-24,2026-08-23,INR,8460.31,1522.86,9983.17,Professional Services,PO-2026-2821,Standard invoice for professional services
INV-0041,MSFT/2026/8SUGTS,Microsoft India Pvt Ltd,2026-07-25,2026-08-24,INR,4256.09,766.1,5022.19,Office Supplies,PO-2026-2158,Standard invoice for office supplies
INV-0132,GDJ/2026/TF69BQ,Godrej Interio Ltd,2026-07-25,2026-08-24,INR,4547.69,818.58,5366.27,IT Equipment,PO-2026-7905,Standard invoice for it equipment
INV-0274,WIP/2026/EATBJB,Wipro Enterprises Limited,2026-07-25,2026-08-24,INR,6834.36,1230.18,8064.54,Travel,PO-2026-7021,Standard invoice for travel
INV-0787,ZOHO/2026/FUBJJM,Zoho Corporation Private Limited,2026-07-25,2026-08-24,INR,4868.99,876.42,5745.41,Raw Materials,PO-2026-5798,Standard invoice for raw materials
INV-0799,ZOHO/2026/FUBJJM,Zoho Corporation Private Limited,2026-07-25,2026-08-24,INR,4829.64,869.33,5698.97,Raw Materials,PO-2026-5798,Standard invoice for raw materials
INV-0291,MSFT/2026/9R3H4H,Microsoft India Pvt Ltd,2026-07-26,2026-08-25,INR,4273.63,769.25,5042.88,Office Supplies,PO-2026-2013,Standard invoice for office supplies
INV-0511,ITC/2026/3K9B36,ITC Infotech India Ltd,2026-07-26,2026-08-25,INR,9055.44,1629.98,10685.42,Office Supplies,PO-2026-1519,Standard invoice for office supplies
INV-0012,KPMG/2026/NCGWAM,KPMG Advisory Services,2026-07-27,2026-08-26,INR,4025.68,724.62,4750.3,IT Equipment,PO-2026-1989,Standard invoice for it equipment
INV-0122,SIEM/2026/PDCSE6,Siemens Industry Software,2026-07-27,2026-08-26,INR,5490.7,988.33,6479.03,IT Equipment,PO-2026-4066,Standard invoice for it equipment
INV-0233,HCL/2026/MFMUSN,HCL Technologies Limited,2026-07-27,2026-08-26,INR,3886.61,699.59,4586.2,Software & Licenses,PO-2026-4127,Standard invoice for software & licenses
INV-0269,PWC/2026/ZFEUVP,PwC India Advisory,2026-07-27,2026-08-26,INR,4471.0,804.78,5275.78,Maintenance,PO-2026-5257,Standard invoice for maintenance
INV-0945,ITC/2026/UNGMZX,ITC Infotech India Ltd,2026-07-27,2026-08-26,INR,8550.0,1539.0,11013.26,Utilities,PO-2026-7211,Standard invoice for utilities
INV-0015,MMT/2026/DSJZNP,MakeMyTrip India Pvt Ltd,2026-07-28,2026-08-27,INR,7525.69,1354.62,8880.31,Utilities,PO-2026-6890,Standard invoice for utilities
INV-0265,MMT/2026/LUK39Q,MakeMyTrip India Pvt Ltd,2026-07-28,2026-08-27,INR,7795.12,1403.12,9198.24,Utilities,PO-2026-1223,Standard invoice for utilities
INV-0547,SIEM/2026/PF24RA,Siemens Industry Software,2026-07-28,2026-08-27,INR,5879.08,1058.23,6937.31,Marketing,PO-2026-9612,Standard invoice for marketing
INV-0936,CTS/2026/DR2EPA,Cognizant Technology Solutions,2026-07-28,2026-08-27,INR,7850.0,1413.0,10333.53,Raw Materials,PO-2026-5335,Standard invoice for raw materials
INV-0994,ZOHO/2026/JLT295,Zoho Corporation Pvt Ltd,2026-07-28,2026-08-27,INR,49011.57,8822.08,57833.65,Software & Licenses,PO-2026-7748,Standard invoice for software & licenses
INV-0006,FDX/2026/UDDKCA,FedEx Express Logistics,2026-08-13,2026-09-12,INR,8060.09,1450.82,9510.91,Professional Services,PO-2026-2772,Standard invoice for professional services
INV-0272,SIEM/2026/ARDZ3W,Siemens Industry Software,2026-08-13,2026-09-12,INR,6298.55,1133.74,7432.29,IT Equipment,PO-2026-2699,Standard invoice for it equipment
INV-0401,AC/2026/G7RYXK,Acme Pvt Ltd,2026-08-13,2026-09-12,INR,4351.74,783.31,5135.05,Office Supplies,PO-2026-4611,Standard invoice for office supplies
INV-0054,CTS/2026/DNPMGM,Cognizant Technology Solutions,2026-08-14,2026-09-13,INR,8390.49,1510.29,9900.78,Travel,PO-2026-5346,Standard invoice for travel
INV-0327,APX/2026/K6XNWP,Apex Solutions Private Limited,2026-08-14,2026-09-13,INR,4123.74,742.27,4866.01,Marketing,PO-2026-8282,Standard invoice for marketing
INV-0347,SIEM/2026/P5TGXM,Siemens Industry Software,2026-08-14,2026-09-13,INR,5940.43,1069.28,7009.71,Marketing,PO-2026-9294,Standard invoice for marketing
INV-0448,TCS/2026/3GTFTA,Tata Consultancy Services,2026-08-14,2026-09-13,INR,8226.0,1480.68,9706.68,Logistics,PO-2026-6378,Standard invoice for logistics
INV-0515,MMT/2026/TZ5SYC,MakeMyTrip India Pvt Ltd,2026-08-14,2026-09-13,INR,8524.56,1534.42,10058.98,Utilities,PO-2026-9362,Standard invoice for utilities
INV-0603,BD/2026/DDWGWE,Blue Dart Express Ltd,2026-08-14,2026-09-13,INR,5464.03,983.53,6447.56,Software & Licenses,PO-2026-4168,Standard invoice for software & licenses
INV-0880,PWC/2026/BZ3GQC,PwC India Advisory,2026-08-14,2026-09-13,INR,4700.0,846.0,0.0,Raw Materials,PO-2026-1811,Standard invoice for raw materials
INV-0962,BD/2026/32NXHY,Blue Dart Express Ltd,2026-08-14,2026-09-13,INR,194681.09,35042.6,229723.69,Logistics,PO-2026-6545,Standard invoice for logistics
INV-0244,PWC/2026/SUMH8D,PwC India Advisory,2026-08-15,2026-09-14,INR,4514.19,812.55,5326.74,Travel,PO-2026-5724,Standard invoice for travel
INV-0529,CTS/2026/R5WMPG,Cognizant Technology Solutions,2026-08-15,2026-09-14,INR,7834.01,1410.12,9244.13,Maintenance,PO-2026-5752,Standard invoice for maintenance
INV-0627,APX/2026/5WW2NP,Apex Solutions Private Limited,2026-08-15,2026-09-14,INR,4094.83,737.07,4831.9,Marketing,PO-2026-9507,Standard invoice for marketing
INV-0630,DELL/2026/4RWDCQ,Dell Technologies Inc,2026-08-15,2026-09-14,INR,6439.2,1159.06,7598.26,Raw Materials,PO-2026-6813,Standard invoice for raw materials
INV-0710,SIEM/2026/P5TGXM,Siemens Industry Software,2026-08-15,2026-09-14,INR,5940.43,1069.28,7009.71,Marketing,PO-2026-9294,Standard invoice for marketing
INV-0126,AC/2026/YTTH89,Acme Pvt Ltd,2026-08-16,2026-09-15,INR,4517.71,813.19,5330.9,Professional Services,PO-2026-3681,Standard invoice for professional services
INV-0271,SMSG/2026/7LTNYL,Samsung India Electronics,2026-08-16,2026-09-15,INR,7700.78,1386.14,9086.92,Office Supplies,PO-2026-7689,Standard invoice for office supplies
INV-0293,PSYS/2026/GHZ957,Persistent Systems Ltd,2026-08-16,2026-09-15,INR,4545.54,818.2,5363.74,Software & Licenses,PO-2026-4751,Standard invoice for software & licenses
INV-0667,ORCL/2026/BLEMZX,Oracle India Private Limited,2026-08-16,2026-09-15,INR,8127.73,1462.99,9590.72,Marketing,PO-2026-3870,Standard invoice for marketing
INV-0681,FDX/2026/W2ZSZL,FedEx Express Logistics,2026-08-16,2026-09-15,INR,8497.92,1529.63,10027.55,Office Supplies,PO-2026-1959,Standard invoice for office supplies
INV-0723,APX/2026/K6XNWP,Apex Solutions Private Limited,2026-08-16,2026-09-15,INR,4123.74,742.27,4866.01,Marketing,PO-2026-8282,Standard invoice for marketing
INV-0088,LTI/2026/PK9BKD,Larsen and Toubro Infotech,2026-08-17,2026-09-16,INR,4590.06,826.21,5416.27,Logistics,PO-2026-2722,Standard invoice for logistics
INV-0354,CTS/2026/X5CDYT,Cognizant Technology Solutions,2026-08-17,2026-09-16,INR,7762.18,1397.19,9159.37,Travel,PO-2026-2076,Standard invoice for travel
INV-0502,APX/2026/AZBC7L,Apex Solutions Private Limited,2026-08-17,2026-09-16,INR,4274.68,769.44,5044.12,IT Equipment,PO-2026-5010,Standard invoice for it equipment
INV-0543,PSYS/2026/WFVR7J,Persistent Systems Ltd,2026-08-17,2026-09-16,INR,4769.54,858.52,5628.06,Software & Licenses,PO-2026-4841,Standard invoice for software & licenses
INV-0563,LTI/2026/YG254E,Larsen and Toubro Infotech,2026-08-17,2026-09-16,INR,4113.96,740.51,4854.47,Software & Licenses,PO-2026-4722,Standard invoice for software & licenses
INV-0789,APX/2026/K6XNWP,Apex Solutions Pvt Ltd,2026-08-17,2026-09-16,INR,4105.01,738.9,4843.91,Marketing,PO-2026-8282,Standard invoice for marketing
INV-0505,DELL/2026/WNHPYM,Dell Technologies Inc,2026-08-18,2026-09-17,INR,7035.72,1266.43,8302.15,Utilities,PO-2026-8104,Standard invoice for utilities
INV-0593,PSYS/2026/AGDM7Q,Persistent Systems Ltd,2026-08-18,2026-09-17,INR,5095.43,917.18,6012.61,Software & Licenses,PO-2026-8575,Standard invoice for software & licenses
INV-0768,PWC/2026/SUMH8D,PwC India Advisory Pvt Ltd,2026-08-18,2026-09-17,INR,4549.25,818.87,5368.12,Travel,PO-2026-5724,Standard invoice for travel
INV-0777,LTI/2026/PK9BKD,Larsen and Toubro Infotech Pvt Ltd,2026-08-18,2026-09-17,INR,4618.96,831.41,5450.37,Logistics,PO-2026-2722,Standard invoice for logistics
INV-0996,GDJ/2026/D2R9YH,Godrej Interio Ltd,2026-08-18,2026-09-17,INR,54599.41,9827.89,64427.3,Marketing,PO-2026-4091,Standard invoice for marketing
INV-0209,HP/2026/HTDB9W,HP India Sales Pvt Ltd,2026-08-19,2026-09-18,INR,6824.29,1228.37,8052.66,Maintenance,PO-2026-9485,Standard invoice for maintenance
INV-0315,MMT/2026/MPFFFD,MakeMyTrip India Pvt Ltd,2026-08-19,2026-09-18,INR,7554.66,1359.84,8914.5,Utilities,PO-2026-4060,Standard invoice for utilities
INV-0415,MMT/2026/ZCSMBV,MakeMyTrip India Pvt Ltd,2026-08-19,2026-09-18,INR,7970.12,1434.62,9404.74,Utilities,PO-2026-6538,Standard invoice for utilities
INV-0475,ZOHO/2026/TGJ2QE,Zoho Corporation Pvt Ltd,2026-08-20,2026-09-19,INR,4994.5,899.01,5893.51,Utilities,PO-2026-4171,Standard invoice for utilities
INV-0521,SMSG/2026/CMZDBP,Samsung India Electronics,2026-08-20,2026-09-19,INR,7136.88,1284.64,8421.52,Office Supplies,PO-2026-8977,Standard invoice for office supplies
INV-0588,LTI/2026/YS5JB7,Larsen and Toubro Infotech,2026-08-20,2026-09-19,INR,4223.83,760.29,4984.12,Logistics,PO-2026-3920,Standard invoice for logistics
INV-0796,HP/2026/HTDB9W,HP India Sales Private Limited,2026-08-20,2026-09-19,INR,6780.03,1220.41,8000.44,Maintenance,PO-2026-9485,Standard invoice for maintenance
INV-0029,CTS/2026/4VL4JV,Cognizant Technology Solutions,2026-08-21,2026-09-20,INR,7960.81,1432.95,9393.76,Maintenance,PO-2026-1920,Standard invoice for maintenance
INV-0094,PWC/2026/FFLJ5S,PwC India Advisory,2026-08-21,2026-09-20,INR,4714.98,848.7,5563.68,Travel,PO-2026-9685,Standard invoice for travel
INV-0242,ORCL/2026/55VTZT,Oracle India Private Limited,2026-08-21,2026-09-20,INR,8219.01,1479.42,9698.43,IT Equipment,PO-2026-6919,Standard invoice for it equipment
INV-0592,ORCL/2026/LCLHWW,Oracle India Private Limited,2026-08-21,2026-09-20,INR,9252.97,1665.53,10918.5,IT Equipment,PO-2026-7538,Standard invoice for it equipment
INV-0722,PWC/2026/FFLJ5S,PwC India Advisory,2026-08-21,2026-09-20,INR,4714.98,848.7,5563.68,Travel,PO-2026-9685,Standard invoice for travel
INV-0128,BD/2026/HKYGFH,Blue Dart Express Ltd,2026-08-22,2026-09-21,INR,5343.39,961.81,6305.2,Logistics,PO-2026-4992,Standard invoice for logistics
INV-0240,MMT/2026/49DMF6,MakeMyTrip India Pvt Ltd,2026-08-22,2026-09-21,INR,7514.76,1352.66,8867.42,Raw Materials,PO-2026-9486,Standard invoice for raw materials
INV-0394,PWC/2026/2S346Z,PwC India Advisory,2026-08-22,2026-09-21,INR,4663.88,839.5,5503.38,Travel,PO-2026-4905,Standard invoice for travel
INV-0531,FDX/2026/PM98SN,FedEx Express Logistics,2026-08-22,2026-09-21,INR,9050.13,1629.02,10679.15,Office Supplies,PO-2026-4474,Standard invoice for office supplies
INV-0636,ITC/2026/W8N47F,ITC Infotech India Ltd,2026-08-22,2026-09-21,INR,9354.95,1683.89,11038.84,Professional Services,PO-2026-7499,Standard invoice for professional services
INV-0652,APX/2026/X3NUK5,Apex Solutions Private Limited,2026-08-22,2026-09-21,INR,4165.89,749.86,4915.75,IT Equipment,PO-2026-7871,Standard invoice for it equipment
INV-0715,MMT/2026/49DMF6,MakeMyTrip India Pvt Ltd,2026-08-22,2026-09-21,INR,7514.76,1352.66,8867.42,Raw Materials,PO-2026-9486,Standard invoice for raw materials
INV-0731,ORCL/2026/55VTZT,Oracle India Private Limited,2026-08-22,2026-09-21,INR,8219.01,1479.42,9698.43,IT Equipment,PO-2026-6919,Standard invoice for it equipment
INV-0877,ZOHO/2026/BUFUW9,Zoho Corporation Pvt Ltd,2026-08-22,2026-09-21,INR,5050.0,909.0,-4256.95,Travel,PO-2026-3502,Standard invoice for travel
INV-0028,BD/2026/DR74NS,Blue Dart Express Ltd,2026-08-23,2026-09-22,INR,5268.44,948.32,6216.76,Logistics,PO-2026-2961,Standard invoice for logistics
INV-0183,HCL/2026/J9WQKC,HCL Technologies Limited,2026-08-23,2026-09-22,INR,4075.36,733.56,4808.92,Software & Licenses,PO-2026-1639,Standard invoice for software & licenses
INV-0375,ZOHO/2026/82DEFU,Zoho Corporation Pvt Ltd,2026-08-23,2026-09-22,INR,4649.59,836.93,5486.52,Utilities,PO-2026-4971,Standard invoice for utilities
INV-0405,DELL/2026/GH8874,Dell Technologies Inc,2026-08-23,2026-09-22,INR,6890.69,1240.32,8131.01,Utilities,PO-2026-7085,Standard invoice for utilities
INV-0720,BD/2026/HKYGFH,Blue Dart Express Ltd,2026-08-23,2026-09-22,INR,5343.39,961.81,6305.2,Logistics,PO-2026-4992,Standard invoice for logistics
INV-0085,INFY/2026/TZY7P4,Infosys Limited,2026-08-24,2026-09-23,INR,7280.77,1310.54,8591.31,Utilities,PO-2026-1000,Standard invoice for utilities
INV-0459,HP/2026/YV3PZV,HP India Sales Pvt Ltd,2026-08-24,2026-09-23,INR,7027.25,1264.9,8292.15,Maintenance,PO-2026-1106,Standard invoice for maintenance
INV-0741,BD/2026/DR74NS,Blue Dart Express Ltd,2026-08-24,2026-09-23,INR,5268.44,948.32,6216.76,Logistics,PO-2026-2961,Standard invoice for logistics
INV-0802,HCL/2026/J9WQKC,HCL Technologies Ltd,2026-08-24,2026-09-23,INR,4093.62,736.85,4830.47,Software & Licenses,PO-2026-1639,Standard invoice for software & licenses
INV-0956,HP/2026/7XD23Q,HP India Sales Pvt Ltd,2026-08-24,2026-09-23,INR,168578.86,30344.2,198923.06,Marketing,PO-2026-3117,Standard invoice for marketing
INV-0187,KPMG/2026/8HPYFJ,KPMG Advisory Services,2026-08-25,2026-09-24,INR,4739.49,853.11,5592.6,Marketing,PO-2026-7030,Standard invoice for marketing
INV-0278,BD/2026/KH7ASL,Blue Dart Express Ltd,2026-08-25,2026-09-24,INR,5486.83,987.63,6474.46,Logistics,PO-2026-8545,Standard invoice for logistics
INV-0305,DELL/2026/NJMTAM,Dell Technologies Inc,2026-08-25,2026-09-24,INR,6322.1,1137.98,7460.08,Utilities,PO-2026-3144,Standard invoice for utilities
INV-0333,HCL/2026/B4EFBA,HCL Technologies Limited,2026-08-25,2026-09-24,INR,3716.0,668.88,4384.88,Software & Licenses,PO-2026-7001,Standard invoice for software & licenses
INV-0413,LTI/2026/9U529Q,Larsen and Toubro Infotech,2026-08-25,2026-09-24,INR,4531.45,815.66,5347.11,Software & Licenses,PO-2026-8768,Standard invoice for software & licenses
INV-0532,GDJ/2026/MJWEFD,Godrej Interio Ltd,2026-08-25,2026-09-24,INR,5313.64,956.46,6270.1,IT Equipment,PO-2026-8293,Standard invoice for it equipment
INV-0599,WIP/2026/7EG6AE,Wipro Enterprises Limited,2026-08-25,2026-09-24,INR,7048.95,1268.81,8317.76,Maintenance,PO-2026-2642,Standard invoice for maintenance
INV-0669,PWC/2026/7Q4TMZ,PwC India Advisory,2026-08-25,2026-09-24,INR,4386.22,789.52,5175.74,Maintenance,PO-2026-5420,Standard invoice for maintenance
INV-0948,SIEM/2026/2RTGHB,Siemens Industry Software,2026-08-25,2026-09-24,INR,6100.0,1098.0,7750.07,IT Equipment,PO-2026-8732,Standard invoice for it equipment
INV-0083,HCL/2026/JDLAWD,HCL Technologies Limited,2026-08-26,2026-09-25,INR,3796.36,683.34,4479.7,Software & Licenses,PO-2026-5316,Standard invoice for software & licenses
INV-0617,ORCL/2026/QR9TFF,Oracle India Private Limited,2026-08-26,2026-09-25,INR,9122.6,1642.07,10764.67,Marketing,PO-2026-4268,Standard invoice for marketing
INV-0776,HCL/2026/B4EFBA,HCL Technologies Ltd,2026-08-26,2026-09-25,INR,3705.69,667.03,4372.72,Software & Licenses,PO-2026-7001,Standard invoice for software & licenses
INV-0779,DELL/2026/NJMTAM,Dell Technologies Technologies Inc,2026-08-26,2026-09-25,INR,6347.33,1142.52,7489.85,Utilities,PO-2026-3144,Standard invoice for utilities
INV-0927,ZOHO/2026/KBZDRE,Zoho Corporation Pvt Ltd,2026-08-26,2026-09-25,INR,5050.0,909.0,6785.05,Maintenance,PO-2026-1075,Standard invoice for maintenance
INV-0053,BD/2026/FFKXUE,Blue Dart Express Ltd,2026-08-27,2026-09-26,INR,4623.38,832.21,5455.59,Software & Licenses,PO-2026-9985,Standard invoice for software & licenses
INV-0062,KPMG/2026/6TS8U9,KPMG Advisory Services,2026-08-27,2026-09-26,INR,4619.29,831.47,5450.76,IT Equipment,PO-2026-5611,Standard invoice for it equipment
INV-0099,WIP/2026/XDNQ84,Wipro Enterprises Limited,2026-08-27,2026-09-26,INR,5820.93,1047.77,6868.7,Maintenance,PO-2026-6592,Standard invoice for maintenance
INV-0197,SIEM/2026/M54DFN,Siemens Industry Software,2026-08-27,2026-09-26,INR,6590.19,1186.23,7776.42,Marketing,PO-2026-1908,Standard invoice for marketing
INV-0462,KPMG/2026/C5A97Q,KPMG Advisory Services,2026-08-27,2026-09-26,INR,4760.49,856.89,5617.38,IT Equipment,PO-2026-9934,Standard invoice for it equipment
INV-0231,FDX/2026/D5RBPN,FedEx Express Logistics,2026-08-28,2026-09-27,INR,8539.1,1537.04,10076.14,Office Supplies,PO-2026-9268,Standard invoice for office supplies
INV-0273,TCS/2026/NR5UBL,Tata Consultancy Services,2026-08-28,2026-09-27,INR,7800.58,1404.1,9204.68,Software & Licenses,PO-2026-9363,Standard invoice for software & licenses
INV-0302,APX/2026/SA2L8L,Apex Solutions Private Limited,2026-08-28,2026-09-27,INR,4492.05,808.57,5300.62,IT Equipment,PO-2026-5102,Standard invoice for it equipment
INV-0494,PWC/2026/5FKTV8,PwC India Advisory,2026-08-28,2026-09-27,INR,4273.75,769.27,5043.02,Travel,PO-2026-4358,Standard invoice for travel
INV-0711,KPMG/2026/8HPYFJ,KPMG Advisory Services,2026-08-28,2026-09-27,INR,4739.49,853.11,5592.6,Marketing,PO-2026-7030,Standard invoice for marketing
INV-0750,TCS/2026/NR5UBL,Tata Consultancy Services,2026-08-28,2026-09-27,INR,7800.58,1404.1,9204.68,Software & Licenses,PO-2026-9363,Standard invoice for software & licenses
INV-0758,HCL/2026/JDLAWD,HCL Technologies Limited,2026-08-28,2026-09-27,INR,3796.36,683.34,4479.7,Software & Licenses,PO-2026-5316,Standard invoice for software & licenses
INV-0763,TCS/2026/NR5UBL,Tata Consultancy Services,2026-08-28,2026-09-27,INR,7800.58,1404.1,9204.68,Software & Licenses,PO-2026-9363,Standard invoice for software & licenses
INV-0770,FDX/2026/D5RBPN,FedEx Express Logistics Pvt Ltd,2026-08-28,2026-09-27,INR,8592.41,1546.63,10139.04,Office Supplies,PO-2026-9268,Standard invoice for office supplies
INV-0816,MSFT/2026/KRP3QW,,2026-08-28,2026-09-27,INR,4700.0,846.0,5546.0,Software & Licenses,PO-2026-3443,Standard invoice for software & licenses
INV-0086,ITC/2026/3468WS,ITC Infotech India Ltd,2026-09-13,2026-10-13,INR,9066.85,1632.03,10698.88,Professional Services,PO-2026-9505,Standard invoice for professional services
INV-0343,PSYS/2026/SVTJNV,Persistent Systems Ltd,2026-09-13,2026-10-13,INR,4338.24,780.88,5119.12,Software & Licenses,PO-2026-2049,Standard invoice for software & licenses
INV-0510,INFY/2026/HL2LQM,Infosys Limited,2026-09-14,2026-10-14,INR,6644.79,1196.06,7840.85,Raw Materials,PO-2026-8810,Standard invoice for raw materials
INV-0600,ZOHO/2026/75LZ76,Zoho Corporation Pvt Ltd,2026-09-14,2026-10-14,INR,4972.12,894.98,5867.1,Raw Materials,PO-2026-9552,Standard invoice for raw materials
INV-0098,TCS/2026/4KKCKQ,Tata Consultancy Services,2026-09-15,2026-10-15,INR,8310.1,1495.82,9805.92,Logistics,PO-2026-3823,Standard invoice for logistics
INV-0258,HCL/2026/XH9G7T,HCL Technologies Limited,2026-09-15,2026-10-15,INR,3980.68,716.52,4697.2,Logistics,PO-2026-6927,Standard invoice for logistics
INV-0311,ITC/2026/L5RBRX,ITC Infotech India Ltd,2026-09-15,2026-10-15,INR,9005.98,1621.08,10627.06,Office Supplies,PO-2026-1443,Standard invoice for office supplies
INV-0356,FDX/2026/AFEFD6,FedEx Express Logistics,2026-09-15,2026-10-15,INR,8663.6,1559.45,10223.05,Professional Services,PO-2026-9004,Standard invoice for professional services
INV-0493,PSYS/2026/BUUYP7,Persistent Systems Ltd,2026-09-15,2026-10-15,INR,4764.26,857.57,5621.83,Software & Licenses,PO-2026-3743,Standard invoice for software & licenses
INV-0504,CTS/2026/X8CLZR,Cognizant Technology Solutions,2026-09-15,2026-10-15,INR,8041.87,1447.54,9489.41,Travel,PO-2026-9146,Standard invoice for travel
INV-0683,HCL/2026/5FYSND,HCL Technologies Limited,2026-09-15,2026-10-15,INR,3666.21,659.92,4326.13,Software & Licenses,PO-2026-5466,Standard invoice for software & licenses
INV-0724,ITC/2026/3468WS,ITC Infotech India Ltd,2026-09-15,2026-10-15,INR,9066.85,1632.03,10698.88,Professional Services,PO-2026-9505,Standard invoice for professional services
INV-0819,FDX/2026/B4Z7F4,,2026-09-15,2026-10-15,INR,8550.0,1539.0,10089.0,Logistics,PO-2026-1142,Standard invoice for logistics
INV-0639,LEN/2026/GB2JEE,Lenovo India Private Limited,2026-09-16,2026-10-16,INR,6950.03,1251.01,8201.04,Maintenance,PO-2026-2041,Standard invoice for maintenance
INV-0657,GDJ/2026/Z9F8X2,Godrej Interio Ltd,2026-09-16,2026-10-16,INR,5310.96,955.97,6266.93,Marketing,PO-2026-8572,Standard invoice for marketing
INV-0772,PSYS/2026/SVTJNV,Persistent Systems Limited,2026-09-16,2026-10-16,INR,4364.0,785.52,5149.52,Software & Licenses,PO-2026-2049,Standard invoice for software & licenses
INV-0018,PSYS/2026/UEM69X,Persistent Systems Ltd,2026-09-17,2026-10-17,INR,4784.48,861.21,5645.69,Logistics,PO-2026-4746,Standard invoice for logistics
INV-0020,REL/2026/KECQMB,Reliance Retail Limited,2026-09-17,2026-10-17,INR,5716.73,1029.01,6745.74,Raw Materials,PO-2026-5101,Standard invoice for raw materials
INV-0357,GDJ/2026/ELF9KB,Godrej Interio Ltd,2026-09-17,2026-10-17,INR,4974.03,895.33,5869.36,Marketing,PO-2026-7245,Standard invoice for marketing
INV-0428,BD/2026/TDAV5B,Blue Dart Express Ltd,2026-09-17,2026-10-17,INR,4779.8,860.36,5640.16,Logistics,PO-2026-2284,Standard invoice for logistics
INV-0969,ZOHO/2026/H6HT35,Zoho Corporation Pvt Ltd,2026-09-17,2026-10-17,INR,194098.79,34937.78,229036.57,Utilities,PO-2026-8642,Standard invoice for utilities
INV-0039,LEN/2026/R8CHSK,Lenovo India Private Limited,2026-09-18,2026-10-18,INR,7182.58,1292.86,8475.44,Maintenance,PO-2026-5876,Standard invoice for maintenance
INV-0042,ORCL/2026/9SN3UR,Oracle India Private Limited,2026-09-18,2026-10-18,INR,7807.69,1405.38,9213.07,IT Equipment,PO-2026-9369,Standard invoice for it equipment
INV-0762,REL/2026/KECQMB,Reliance Retail Limited,2026-09-18,2026-10-18,INR,5716.73,1029.01,6745.74,Raw Materials,PO-2026-5101,Standard invoice for raw materials
INV-0858,WIP/2026/UWN3KQ,Wipro Enterprises Limited,2026-09-18,2026-10-18,INR,6450.0,1161.0,,Office Supplies,PO-2026-3701,Standard invoice for office supplies
INV-0879,ITC/2026/KVB5D5,ITC Infotech India Ltd,2026-09-18,2026-10-18,INR,8550.0,1539.0,INVALID_AMOUNT,Office Supplies,PO-2026-2237,Standard invoice for office supplies
INV-0100,ZOHO/2026/NYHUQA,Zoho Corporation Pvt Ltd,2026-09-19,2026-10-19,INR,5455.55,982.0,6437.55,Raw Materials,PO-2026-9956,Standard invoice for raw materials
INV-0140,MMT/2026/RXVQLQ,MakeMyTrip India Pvt Ltd,2026-09-19,2026-10-19,INR,8169.91,1470.58,9640.49,Raw Materials,PO-2026-4476,Standard invoice for raw materials
INV-0544,PWC/2026/AGVTEK,PwC India Advisory,2026-09-19,2026-10-19,INR,4972.66,895.08,5867.74,Travel,PO-2026-9282,Standard invoice for travel
INV-0703,ZOHO/2026/NYHUQA,Zoho Corporation Pvt Ltd,2026-09-19,2026-10-19,INR,5455.55,982.0,6437.55,Raw Materials,PO-2026-9956,Standard invoice for raw materials
INV-0876,SIEM/2026/8UTVB6,Siemens Industry Software,2026-09-19,2026-10-19,INR,6100.0,1098.0,0.0,Logistics,PO-2026-8518,Standard invoice for logistics
INV-0912,INFY/2026/562QZJ,Infosys Limited,2026-09-19,2026-10-19,INR,6800.0,1224.0,9435.15,Travel,PO-2026-5195,Standard invoice for travel
INV-0033,HCL/2026/MYSV2N,HCL Technologies Limited,2026-09-20,2026-10-20,INR,3669.77,660.56,4330.33,Software & Licenses,PO-2026-9894,Standard invoice for software & licenses
INV-0285,INFY/2026/SRB5TR,Infosys Limited,2026-09-20,2026-10-20,INR,6512.09,1172.18,7684.27,Utilities,PO-2026-3462,Standard invoice for utilities
INV-0324,WIP/2026/8TDWJ4,Wipro Enterprises Limited,2026-09-20,2026-10-20,INR,6783.26,1220.99,8004.25,Travel,PO-2026-8512,Standard invoice for travel
INV-0400,ZOHO/2026/NSSEKA,Zoho Corporation Pvt Ltd,2026-09-20,2026-10-20,INR,5259.73,946.75,6206.48,Raw Materials,PO-2026-2823,Standard invoice for raw materials
INV-0451,AC/2026/LNUHW5,Acme Pvt Ltd,2026-09-20,2026-10-20,INR,4855.12,873.92,5729.04,Office Supplies,PO-2026-9845,Standard invoice for office supplies
INV-0835,,Infosys Limited,2026-09-20,2026-10-20,INR,6800.0,1224.0,8024.0,Maintenance,PO-2026-5982,Standard invoice for maintenance
INV-0935,HCL/2026/8TCVDB,HCL Technologies Limited,2026-09-20,2026-10-20,INR,4000.0,720.0,4926.84,Maintenance,PO-2026-4954,Standard invoice for maintenance
INV-0976,ITC/2026/S2RHJD,ITC Infotech India Ltd,2026-09-21,2026-10-21,INR,8550.0,1539.0,10089.0,Cryptocurrency,PO-2026-3489,Standard invoice for marketing
INV-0239,LEN/2026/U67YM8,Lenovo India Private Limited,2026-09-22,2026-10-22,INR,7304.75,1314.86,8619.61,Maintenance,PO-2026-8367,Standard invoice for maintenance
INV-0519,PWC/2026/X7EDT8,PwC India Advisory,2026-09-22,2026-10-22,INR,5129.78,923.36,6053.14,Maintenance,PO-2026-4554,Standard invoice for maintenance
INV-0601,AC/2026/U7UAQ5,Acme Pvt Ltd,2026-09-22,2026-10-22,INR,4683.56,843.04,5526.6,Office Supplies,PO-2026-9086,Standard invoice for office supplies
INV-0644,PWC/2026/8CVMC5,PwC India Advisory,2026-09-22,2026-10-22,INR,4973.01,895.14,5868.15,Travel,PO-2026-8566,Standard invoice for travel
INV-0066,MSFT/2026/PXBLNU,Microsoft India Pvt Ltd,2026-09-23,2026-10-23,INR,4299.09,773.84,5072.93,Professional Services,PO-2026-5910,Standard invoice for professional services
INV-0077,APX/2026/2CGXCK,Apex Solutions Private Limited,2026-09-23,2026-10-23,INR,4161.14,749.01,4910.15,Marketing,PO-2026-5841,Standard invoice for marketing
INV-0111,ITC/2026/E6TTTJ,ITC Infotech India Ltd,2026-09-23,2026-10-23,INR,8723.58,1570.24,10293.82,Office Supplies,PO-2026-5907,Standard invoice for office supplies
INV-0158,HCL/2026/77JN5K,HCL Technologies Limited,2026-09-23,2026-10-23,INR,4308.87,775.6,5084.47,Logistics,PO-2026-7529,Standard invoice for logistics
INV-0168,PSYS/2026/JS3NYJ,Persistent Systems Ltd,2026-09-23,2026-10-23,INR,4402.56,792.46,5195.02,Logistics,PO-2026-7005,Standard invoice for logistics
INV-0260,INFY/2026/687L7E,Infosys Limited,2026-09-23,2026-10-23,INR,7406.02,1333.08,8739.1,Raw Materials,PO-2026-3714,Standard invoice for raw materials
INV-0313,LTI/2026/DAYFJX,Larsen and Toubro Infotech,2026-09-23,2026-10-23,INR,3961.73,713.11,4674.84,Software & Licenses,PO-2026-3121,Standard invoice for software & licenses
INV-0466,MSFT/2026/WW7FVX,Microsoft India Pvt Ltd,2026-09-23,2026-10-23,INR,4569.13,822.44,5391.57,Professional Services,PO-2026-5609,Standard invoice for professional services
INV-0641,MSFT/2026/DZGZLQ,Microsoft India Pvt Ltd,2026-09-23,2026-10-23,INR,5081.09,914.6,5995.69,Office Supplies,PO-2026-7823,Standard invoice for office supplies
INV-0751,INFY/2026/687L7E,Infosys Limited,2026-09-23,2026-10-23,INR,7406.02,1333.08,8739.1,Raw Materials,PO-2026-3714,Standard invoice for raw materials
INV-0778,LEN/2026/U67YM8,Lenovo India Pvt Ltd,2026-09-23,2026-10-23,INR,7363.19,1325.37,8688.56,Maintenance,PO-2026-8367,Standard invoice for maintenance
INV-0878,PWC/2026/7854H5,PwC India Advisory,2026-09-23,2026-10-23,INR,4700.0,846.0,-3460.69,Marketing,PO-2026-1318,Standard invoice for marketing
INV-0304,CTS/2026/8M2CKY,Cognizant Technology Solutions,2026-09-24,2026-10-24,INR,8365.64,1505.82,9871.46,Travel,PO-2026-2793,Standard invoice for travel
INV-0403,BD/2026/JD89YR,Blue Dart Express Ltd,2026-09-24,2026-10-24,INR,5320.04,957.61,6277.65,Software & Licenses,PO-2026-4036,Standard invoice for software & licenses
INV-0481,FDX/2026/DRJK8R,FedEx Express Logistics,2026-09-24,2026-10-24,INR,7961.74,1433.11,9394.85,Office Supplies,PO-2026-4204,Standard invoice for office supplies
INV-0594,PWC/2026/E5HM8A,PwC India Advisory,2026-09-24,2026-10-24,INR,4261.76,767.12,5028.88,Travel,PO-2026-6319,Standard invoice for travel
INV-0815,LEN/2026/6R6TWP,Lenovo India Private Limited,2026-09-24,2026-10-24,INR,7150.0,1287.0,,Travel,PO-2026-3519,Standard invoice for travel
INV-0584,HP/2026/R29759,HP India Sales Pvt Ltd,2026-09-25,2026-10-25,INR,7122.53,1282.06,8404.59,Travel,PO-2026-4747,Standard invoice for travel
INV-0629,CTS/2026/FVTTSV,Cognizant Technology Solutions,2026-09-25,2026-10-25,INR,8173.3,1471.19,9644.49,Maintenance,PO-2026-8356,Standard invoice for maintenance
INV-0664,LEN/2026/RRGE5V,Lenovo India Private Limited,2026-09-25,2026-10-25,INR,7226.32,1300.74,8527.06,Travel,PO-2026-1168,Standard invoice for travel
INV-0775,APX/2026/2CGXCK,Apex Solutions Pvt Ltd,2026-09-25,2026-10-25,INR,4144.75,746.06,4890.81,Marketing,PO-2026-5841,Standard invoice for marketing
INV-0784,LEN/2026/U67YM8,Lenovo India Pvt Ltd,2026-09-25,2026-10-25,INR,7254.97,1305.89,8560.86,Maintenance,PO-2026-8367,Standard invoice for maintenance
INV-0118,PSYS/2026/SSP6LB,Persistent Systems Ltd,2026-09-26,2026-10-26,INR,4918.09,885.26,5803.35,Logistics,PO-2026-7468,Standard invoice for logistics
INV-0488,LTI/2026/QPW223,Larsen and Toubro Infotech,2026-09-26,2026-10-26,INR,4305.33,774.96,5080.29,Logistics,PO-2026-6465,Standard invoice for logistics
INV-0658,HCL/2026/E3N88U,HCL Technologies Limited,2026-09-26,2026-10-26,INR,3623.94,652.31,4276.25,Logistics,PO-2026-1557,Standard invoice for logistics
INV-0038,LTI/2026/FL3EES,Larsen and Toubro Infotech,2026-09-27,2026-10-27,INR,4737.8,852.8,5590.6,Logistics,PO-2026-3397,Standard invoice for logistics
INV-0067,ORCL/2026/6PR9HS,Oracle India Private Limited,2026-09-27,2026-10-27,INR,7941.86,1429.53,9371.39,Marketing,PO-2026-7202,Standard invoice for marketing
INV-0151,AC/2026/KPTEYJ,Acme Pvt Ltd,2026-09-27,2026-10-27,INR,4856.2,874.12,5730.32,Office Supplies,PO-2026-7202,Standard invoice for office supplies
INV-0477,APX/2026/HVJAM7,Apex Solutions Private Limited,2026-09-27,2026-10-27,INR,4139.97,745.19,4885.16,Marketing,PO-2026-7072,Standard invoice for marketing
INV-0568,PSYS/2026/HG54QJ,Persistent Systems Ltd,2026-09-27,2026-10-27,INR,4427.68,796.98,5224.66,Logistics,PO-2026-1601,Standard invoice for logistics
INV-0619,PWC/2026/28ZVSD,PwC India Advisory,2026-09-27,2026-10-27,INR,4415.06,794.71,5209.77,Maintenance,PO-2026-2551,Standard invoice for maintenance
INV-0974,APX/2026/BNAX2G,Apex Solutions Private Limited,2026-09-27,2026-10-27,INR,4350.0,783.0,5133.0,Entertainment,PO-2026-3461,Standard invoice for office supplies
INV-0227,APX/2026/WA72UA,Apex Solutions Private Limited,2026-09-28,2026-10-28,INR,4278.96,770.21,5049.17,Marketing,PO-2026-1674,Standard invoice for marketing
INV-0406,FDX/2026/CZ44BB,FedEx Express Logistics,2026-09-28,2026-10-28,INR,7776.2,1399.72,9175.92,Professional Services,PO-2026-3162,Standard invoice for professional services
INV-0422,SIEM/2026/ZU4E52,Siemens Industry Software,2026-09-28,2026-10-28,INR,6535.84,1176.45,7712.29,IT Equipment,PO-2026-1325,Standard invoice for it equipment
INV-0550,ZOHO/2026/3V7ZYZ,Zoho Corporation Pvt Ltd,2026-09-28,2026-10-28,INR,5472.94,985.13,6458.07,Raw Materials,PO-2026-1907,Standard invoice for raw materials
INV-0814,AC/2026/KPTEYJ,Acme Private Limited,2026-09-28,2026-10-28,INR,4841.41,871.45,5712.86,Office Supplies,PO-2026-7202,Standard invoice for office supplies
INV-0898,ZOHO/2026/M56A5T,Zoho Corporation Pvt Ltd,2026-10-15,2026-11-14,INR,5050.0,909.0,5959.0,Utilities,PO-2026-4254,Standard invoice for utilities
INV-0905,FDX/2026/VDGKYZ,FedEx Express Logistics,2026-10-22,2026-11-21,INR,8550.0,1539.0,10089.0,Professional Services,PO-2026-8672,Standard invoice for professional services
INV-0907,ITC/2026/9L472T,ITC Infotech India Ltd,2026-10-22,2026-11-21,INR,8550.0,1539.0,10089.0,Office Supplies,PO-2026-3313,Standard invoice for office supplies
INV-0892,PSYS/2026/DJZD5P,Persistent Systems Ltd,2026-11-18,2026-12-18,INR,4700.0,846.0,5546.0,Marketing,PO-2026-9195,Standard invoice for marketing
INV-0894,REL/2026/WL5KQ3,Reliance Retail Limited,2026-11-18,2026-12-18,INR,5400.0,972.0,6372.0,Travel,PO-2026-2220,Standard invoice for travel
INV-0895,GDJ/2026/STTQ2J,Godrej Interio Ltd,2026-11-18,2026-12-18,INR,5050.0,909.0,5959.0,Software & Licenses,PO-2026-4824,Standard invoice for software & licenses
INV-0896,KPMG/2026/ME7567,KPMG Advisory Services,2026-11-18,2026-12-18,INR,4350.0,783.0,5133.0,Logistics,PO-2026-1690,Standard invoice for logistics
INV-0904,MSFT/2026/KB6J9Q,Microsoft India Pvt Ltd,2026-11-18,2026-12-18,INR,4700.0,846.0,5546.0,IT Equipment,PO-2026-2043,Standard invoice for it equipment
INV-0900,PSYS/2026/TLRAW6,Persistent Systems Ltd,2026-11-25,2026-12-25,INR,4700.0,846.0,5546.0,Travel,PO-2026-6704,Standard invoice for travel
INV-0901,SMSG/2026/Q4PW8B,Samsung India Electronics,2026-11-25,2026-12-25,INR,7500.0,1350.0,8850.0,Raw Materials,PO-2026-1624,Standard invoice for raw materials
INV-0906,APX/2026/S2HUAB,Apex Solutions Private Limited,2026-11-25,2026-12-25,INR,4350.0,783.0,5133.0,Maintenance,PO-2026-7253,Standard invoice for maintenance
INV-0897,KPMG/2026/ZPKB3A,KPMG Advisory Services,2026-12-14,2027-01-13,INR,4350.0,783.0,5133.0,Professional Services,PO-2026-6649,Standard invoice for professional services
INV-0902,HP/2026/HJLENC,HP India Sales Pvt Ltd,2026-12-14,2027-01-13,INR,6800.0,1224.0,8024.0,Logistics,PO-2026-3308,Standard invoice for logistics
INV-0893,SMSG/2026/AF7RPU,Samsung India Electronics,2026-12-20,2027-01-19,INR,7500.0,1350.0,8850.0,Software & Licenses,PO-2026-4115,Standard invoice for software & licenses
INV-0899,AC/2026/JXW6QB,Acme Pvt Ltd,2026-12-20,2027-01-19,INR,4700.0,846.0,5546.0,Office Supplies,PO-2026-5694,Standard invoice for office supplies
INV-0903,WIP/2026/7L2P97,Wipro Enterprises Limited,2026-12-20,2027-01-19,INR,6450.0,1161.0,7611.0,Logistics,PO-2026-1600,Standard invoice for logistics
INV-0884,MMT/2026/HWKMK9,MakeMyTrip India Pvt Ltd,INVALID-DATE,2026-05-27,INR,7850.0,1413.0,9263.0,IT Equipment,PO-2026-1127,Standard invoice for it equipment
INV-0885,MMT/2026/C4HHBM,MakeMyTrip India Pvt Ltd,not a date,2026-03-26,INR,7850.0,1413.0,9263.0,Professional Services,PO-2026-6620,Standard invoice for professional services
INV-0886,CTS/2026/285B33,Cognizant Technology Solutions,INVALID-DATE,2026-05-16,INR,7850.0,1413.0,9263.0,Professional Services,PO-2026-8836,Standard invoice for professional services
INV-0887,MSFT/2026/RMG5E7,Microsoft India Pvt Ltd,not a date,2025-12-17,INR,4700.0,846.0,5546.0,Utilities,PO-2026-8283,Standard invoice for utilities
INV-0888,LEN/2026/PKYRFH,Lenovo India Private Limited,INVALID-DATE,2026-06-16,INR,7150.0,1287.0,8437.0,Logistics,PO-2026-6890,Standard invoice for logistics
INV-0889,SIEM/2026/79AU8K,Siemens Industry Software,INVALID-DATE,2026-04-22,INR,6100.0,1098.0,7198.0,Software & Licenses,PO-2026-3383,Standard invoice for software & licenses
INV-0890,SIEM/2026/UV6STQ,Siemens Industry Software,99/99/9999,2026-04-20,INR,6100.0,1098.0,7198.0,Marketing,PO-2026-7770,Standard invoice for marketing
INV-0891,AC/2026/CWBRGN,Acme Pvt Ltd,99/99/9999,2026-02-19,INR,4700.0,846.0,5546.0,Maintenance,PO-2026-8408,Standard invoice for maintenance
INV-0820,MSFT/2026/E2VF5F,Microsoft India Pvt Ltd,,2026-10-25,INR,4700.0,846.0,5546.0,IT Equipment,PO-2026-6955,Standard invoice for it equipment
INV-0822,WIP/2026/L3S6SB,Wipro Enterprises Limited,,2026-02-19,INR,6450.0,1161.0,7611.0,Travel,PO-2026-6646,Standard invoice for travel
INV-0830,WIP/2026/DT4LMP,Wipro Enterprises Limited,,2026-10-19,INR,6450.0,1161.0,7611.0,Utilities,PO-2026-3637,Standard invoice for utilities
INV-0831,TCS/2026/UXKNR7,Tata Consultancy Services,,2025-11-17,INR,8550.0,1539.0,10089.0,Marketing,PO-2026-7906,Standard invoice for marketing
INV-0832,SMSG/2026/ARGMEN,Samsung India Electronics,,2026-05-15,INR,7500.0,1350.0,8850.0,Professional Services,PO-2026-5581,Standard invoice for professional services
INV-0833,GDJ/2026/NAPPGP,Godrej Interio Ltd,,2025-12-15,INR,5050.0,909.0,5959.0,Logistics,PO-2026-2078,Standard invoice for logistics
INV-0834,PSYS/2026/TUN3Q7,Persistent Systems Ltd,,2026-06-17,INR,4700.0,846.0,5546.0,Office Supplies,PO-2026-9830,Standard invoice for office supplies
INV-0836,APX/2026/RWCT7C,Apex Solutions Private Limited,,2026-10-26,INR,4350.0,783.0,5133.0,Raw Materials,PO-2026-1539,Standard invoice for raw materials
INV-0839,KPMG/2026/3RPSY7,KPMG Advisory Services,,2026-03-24,INR,4350.0,783.0,5133.0,IT Equipment,PO-2026-6973,Standard invoice for it equipment
INV-0843,HCL/2026/6W42FL,HCL Technologies Limited,,2026-01-24,INR,4000.0,720.0,4720.0,Raw Materials,PO-2026-1003,Standard invoice for raw materials
INV-0846,CTS/2026/3AT9JQ,Cognizant Technology Solutions,,2026-02-18,INR,7850.0,1413.0,9263.0,Travel,PO-2026-9750,Standard invoice for travel
INV-0851,GDJ/2026/NQAXY4,Godrej Interio Ltd,,2026-03-26,INR,5050.0,909.0,5959.0,Utilities,PO-2026-7152,Standard invoice for utilities
INV-0854,FDX/2026/44ZRC9,FedEx Express Logistics,,2026-04-25,INR,8550.0,1539.0,10089.0,IT Equipment,PO-2026-1030,Standard invoice for it equipment
INV-0862,MSFT/2026/A59LVN,Microsoft India Pvt Ltd,,2026-05-23,INR,4700.0,846.0,5546.0,Maintenance,PO-2026-5104,Standard invoice for maintenance
